 Ó‰;Õ‡Á‚‡;“ËÔ; ‡øÌ‡;¬Ë‰ËÏ≥ÒÚ¸
1;SPIDAN;4;0;1
2;HELLA;4;0;1
3;ATE;4;0;1
4;MANN-FILTER;4;0;1
5;PIERBURG;4;0;1
6;LuK;4;0;1
7;EBERSPCHER;4;0;1
8;LEISTRITZ;4;0;1
9;REINZ;4;0;1
10;ELRING;4;0;1
11;BERU;4;0;1
12;PAGID;4;0;1
13;WALKER;4;0;1
14;BOGE;4;0;1
15;NGK;4;0;1
16;BILSTEIN;4;0;1
17;HK;4;0;1
18;KONI;4;0;1
19;SWF;4;0;1
20;"LUCAS ELECTRICAL";4;0;1
21;VALEO;4;0;1
22;WABCO;4;0;1
23;RUVILLE;4;0;1
24;EXIDE;4;0;1
26;VARTA;4;0;1
27;HOPPECKE;4;0;1
28;OPTILUX;4;0;1
29;ERNST;4;0;1
30;BOSCH;4;0;1
31;CONTITECH;4;0;1
32;SACHS;4;0;1
33;GATES;4;0;1
34;KNECHT;4;0;1
35;LEMFRDER;4;0;1
36;"VAN WEZEL";4;0;1
37;MONROE;4;0;1
38;PURFLUX;4;0;1
39;TEXTAR;4;0;1
40;"MAHLE FILTER";4;0;1
41;BOSAL;4;0;1
42;DAYCO;4;0;1
43;CHAMPION;4;0;1
44;PUROLATOR;4;0;1
45;TEROSON;4;0;1
46;SONNENSCHEIN;4;0;1
47;BREMI;4;0;1
48;JURID;4;0;1
49;BENDIX;4;0;1
50;SKF;4;0;1
51;WESTFALIA;4;0;1
52;BEHR;4;0;1
53;ORIS;4;0;1
54;FTE;4;0;1
55;"HERTH+BUSS JAKOPARTS";4;0;1
56;LBRO;4;0;1
57;"QUINTON HAZELL";4;0;1
58;EKG;4;0;1
59;FRAM;4;0;1
60;GOETZE;4;0;1
62;FERODO;4;0;1
63;CHAMP;4;0;1
64;OPTIBELT;4;0;1
65;BREMBO;4;0;1
66;DENSO;4;0;1
67;OSRAM;4;0;1
68;SCHMID;4;0;1
69;TESH;4;0;1
70;GERI;4;0;1
71;GABRIEL;4;0;1
72;"HERTH+BUSS ELPARTS";4;0;1
73;MINTEX;4;0;1
74;LOCTITE;4;0;1
75;PHILIPS;4;0;1
76;PEX;4;0;1
77;"BORG & BECK";4;0;1
78;KLOKKERHOLM;4;0;1
79;WAHLER;4;0;1
80;"AKS DASIS";4;0;1
81;"HENGST FILTER";4;0;1
82;NOR;4;0;1
83;VDO;4;0;1
84;TTV;4;0;1
85;KYB;4;0;1
86;ZIMMERMANN;4;0;1
87;FRIESEN;4;0;1
88;GLASER;4;0;1
89;DELPHI;4;0;1
90;FARCOM;4;0;1
91;TECNOCAR;4;0;1
92;SogefiPro;4;0;1
93;SCHLIECKMANN;4;0;1
94;METZGER;4;0;1
95;"MAGNETI MARELLI";4;0;1
96;AL-KO;4;0;1
97;WAECO;4;0;1
98;"HOFMEISTER & MEINCKE";4;0;1
99;COPARTS;4;0;1
100;"ROULUNDS RUBBER";4;0;1
101;"FEBI BILSTEIN";4;0;1
102;UBD;4;0;1
103;NORMTECHNIK;4;0;1
104;"ZF LENKSYSTEME";4;0;1
105;"BEHR HELLA SERVICE";4;0;1
106;"DETROIT DIESEL";3;0;1
107;LETRIKA;4;0;1
108;TRISCAN;4;0;1
109;BUGATTI;4;0;1
110;SNR;4;0;1
111;PAPE;4;0;1
112;EIBACH;4;0;1
113;PAYEN;4;0;1
114;"BUDWEG CALIPER";4;0;1
115;ULO;4;0;1
116;SEIMA;4;0;1
117;LRT;4;0;1
118;HJS;4;0;1
119;"DELCO REMY";4;0;1
120;AURADIA;4;0;1
121;METELLI;4;0;1
122;OBERLAND;4;0;1
123;NISSENS;4;0;1
124;KACO;4;0;1
125;DOYEN;4;0;1
126;STABILUS;4;0;1
127;NK;4;0;1
128;BU;4;0;1
129;OPTIMAL;4;0;1
130;K+F;4;0;1
131;LNP;4;0;1
132;"DELPHI DIESEL";4;0;1
133;MAPCO;4;0;1
134;MOOG;4;0;1
135;SIDEM;4;0;1
136;DANA;3;0;1
137;HANSA;4;0;1
138;4SEASONS;4;0;1
139;SANDEN;4;0;1
140;VISTEON;4;0;1
141;SERCK-MARSTON;4;0;1
142;NRF;4;0;1
143;FRIGAIR;4;0;1
144;EAI;4;0;1
145;DOPPSTADT;3;0;1
146;JOHNS;4;0;1
147;AJUSA;4;0;1
148;CORTECO;4;0;1
149;AE;4;0;1
150;SOFIMA;4;0;1
151;BERGA;4;0;1
152;MEYLE;4;0;1
153;NWB;4;0;1
154;"AMC Filter";4;0;1
155;KBP;4;0;1
156;JWP;4;0;1
157;BRINK;4;0;1
158;GARRETT;4;0;1
159;SCHWITZER;4;0;1
160;IHI;4;0;1
161;HOLSET;4;0;1
162;KUNEWALDE;4;0;1
163;DELTA;4;0;1
164;GCK;4;0;1
165;ROADHOUSE;4;0;1
166;REMSA;4;0;1
167;HARNISCHFEGER;3;0;1
168;URW;4;0;1
169;P.B.R.;4;0;1
170;"N.AMERICA PARTS DIST";4;0;1
171;"BCD CORONA & C";4;0;1
172;"CLEAN FILTERS";4;0;1
173;SMB;3;0;1
175;OMG;4;0;1
176;IRISBUS;3;0;1
177;MOTOMETER;4;0;1
178;YUASA;4;0;1
179;NAKATA;4;0;1
180;ALKAR;4;0;1
181;"ALCO (ZYPERN)";4;0;1
182;BALDWIN;4;0;1
183;COOPERS;4;0;1
184;CROSLAND;4;0;1
185;LAUTRETTE;4;0;1
186;"LUCAS CAV";4;0;1
187;POWERPART;4;0;1
188;TEHO;4;0;1
189;"THERMO KING";4;0;1
190;"TJ FILTERS";4;0;1
191;"WIX FILTERS";4;0;1
192;WOODGATE;4;0;1
193;JAPANPARTS;4;0;1
194;BUGIAD;4;0;1
195;ICER;4;0;1
196;"HOLGER CRISTIANSEN";4;0;1
197;"CONTROL 4";4;0;1
198;FIFFT;4;0;1
199;VAICO;4;0;1
200;PRIM-BALL;3;0;1
201;MICRONAIR;4;0;1
202;TWINTEC;4;0;1
203;SLANZI;4;0;1
204;VM;3;0;1
205;WAUKESHA;3;0;1
206;"MOPAR PARTS";4;0;1
207;AIRTEX;4;0;1
208;YALE&TOWNE;3;0;1
209;"MOTEURS BAUDOUIN.S.A";3;0;1
210;COMPAIR;4;0;1
211;LOMBARDINI;3;0;1
212;"ZEUNA STRKER";4;0;1
214;SAGINAW;4;0;1
215;"UNISIA JECS";4;0;1
216;"HOBOURN AUTOMOTIVE";4;0;1
217;GLO;4;0;1
218;H.D.K.;4;0;1
219;NKN.LTD.;4;0;1
220;AYATS;3;0;1
221;AECHERLI;4;0;1
222;MAYBACH;3;0;1
223;PORSCHE-DIESEL;3;0;1
224;SAMRO;4;0;1
225;HYMER;3;0;1
226;IMT;3;0;1
227;NORMAG;3;0;1
228;BKS;4;0;1
229;"AKTIV FISCHER";4;0;1
230;MEVOSA;3;0;1
231;WOLGA;3;0;1
232;"ALFRED ZIEGLER";3;0;1
233;WEWELER;4;0;1
234;WAHL;3;0;1
235;VGELE;3;0;1
236;URSUS;3;0;1
237;"FARYMANN DIESEL";3;0;1
238;PUTZMEISTER;3;0;1
239;"ALOIS HIEBLE & CO";3;0;1
240;HURTH;3;0;1
241;"KRAUSS-MAFFEI AG";3;0;1
242;"KRIEGER FAHRZEUGBAU";3;0;1
243;MAURI;4;0;1
244;"MOT.MNCHEN SENDLING";4;0;1
245;PAUS;3;0;1
246;KILEN;4;0;1
247;"BTS Turbo";4;0;1
248;HEPU;4;0;1
249;MANDO;4;0;1
250;"ALCO FILTER";4;0;1
251;RAMEDER;4;0;1
252;"QH Benelux";4;0;1
253;LESJFORS;4;0;1
254;FILTRON;4;0;1
255;GK;4;0;1
256;EDR;4;0;1
257;ACERBI;3;0;1
258;ACTM;3;0;1
259;AUTODROMO;3;0;1
260;BARTOLETTI;3;0;1
261;BLUEBIRD;3;0;1
262;BOLGAN;3;0;1
263;"CRANECARRIER COMPANY";3;0;1
264;DINA;3;0;1
265;"EOS COACH";3;0;1
266;"FLXIBLE CORPORATION";3;0;1
267;FLOOR;3;0;1
268;"FORETRAVEL MOTORHOME";3;0;1
269;"GENERAL TRAILERS";3;0;1
270;GIGANT;3;0;1
271;GILLIG;3;0;1
272;HENDRICKSON;3;0;1
273;KAISER;3;0;1
274;KRONE;3;0;1
275;LANGENDORF;3;0;1
276;"LEGRAS INDUSTRIES";3;0;1
277;"LEVEQUES (REMORQUES)";3;0;1
278;MAGYAR;3;0;1
279;MERITOR;3;0;1
280;MIELE;3;0;1
281;MISTRALL;3;0;1
282;MCI;3;0;1
283;NAVISTAR;3;0;1
284;"SCHMITZ CARGOBULL";3;0;1
285;NOVABUS;3;0;1
286;"RIDEWELL SUSPENSIONS";3;0;1
287;ROLFO;3;0;1
288;NEWAY;3;0;1
289;VIBERTI;3;0;1
290;STAS;4;0;1
291;ZORZI;3;0;1
292;TEREX;3;0;1
293;CHEREAU;3;0;1
294;"ASHOK LEYLAND";3;0;1
295;"ASKAM (FARGO/DESOTO)";3;0;1
296;BMC;3;0;1
297;JELCZ;3;0;1
298;MAZ;3;0;1
299;"GTE Aftermarket";4;0;1
302;"ERICH JAEGER";4;0;1
303;MARWAL;4;0;1
304;"CV PSH";4;0;1
305;"SPAHN GLHLAMPEN";4;0;1
306;"IWIS Ketten";4;0;1
307;"KIC AUTOMOTIVE";4;0;1
308;"PE Automotive";4;0;1
309;HAVAM;4;0;1
310;DEUTZ;3;0;1
311;"SCHLTTER TURBOLADER";4;0;1
312;VEMO;4;0;1
327;"GATES / KETNER";4;0;1
352;"DENSO / KETNER";4;0;1
354;"CHAMPION†/ KETNER";4;0;1
357;DELPHIDIESEL†/KETNER;4;0;1
358;"TRW / KETNER";4;0;1
359;"PHILIPS / KETNER†";4;0;1
380;BERTOLOTTI;4;0;1
381;KAMOKA;4;0;1
383;DENCKERMANN;4;0;1
384;SOMORA;4;0;1
385;FILTRAK;4;0;1
386;HELSA-AUTOMOTIVE;4;0;1
387;EUROFILTER;4;0;1
388;"A.L. FILTER";4;0;1
389;FILTREC;4;0;1
390;GEROIL;4;0;1
391;"UNICO FILTER";4;0;1
392;"MP FILTRI";4;0;1
393;FRAD;4;0;1
394;KANGNAM;4;0;1
395;FILMAR;4;0;1
396;ARMAFILT;4;0;1
397;"DONIT FILTER";4;0;1
398;"GUD FILTERS";4;0;1
399;KOLBENSCHMIDT;4;0;1
400;RACOR;4;0;1
403;THULE;4;0;1
408;VIC;4;0;1
409;ALBARET;3;0;1
410;"ALLISON TRANSMISSION";3;0;1
411;ATHEY;3;0;1
412;BENATI;3;0;1
413;"BOLINDER MUNKTELL";3;0;1
414;FIATAGRI;3;0;1
415;FOMOCO;4;0;1
416;JUNGHEINRICH;3;0;1
417;KONVEKTA;4;0;1
418;LETOURNEAU;3;0;1
419;MANITOU;3;0;1
420;"LISTER PETTER";3;0;1
421;RENK;3;0;1
422;SEPAR;4;0;1
423;VOITH;3;0;1
424;WIRA;4;0;1
425;WRTSIL;3;0;1
426;NATIONAL;4;0;1
427;WOLF;4;0;1
428;"CHAMPION LUBRICANTS";4;0;1
429;BATTAGLINO;3;0;1
430;BREDAMENARINIBUS;3;0;1
432;BIA;3;0;1
433;TRABOSA;3;0;1
434;GPC;4;0;1
435;LANZ;3;0;1
436;GMB;4;0;1
437;NPW;4;0;1
438;PARAUT;4;0;1
439;EPS;4;0;1
440;KW;4;0;1
441;ZAFFO;4;0;1
442;A.B.S.;4;0;1
443;BIVORT;4;0;1
444;MTS;4;0;1
445;BBT;4;0;1
446;"AVON TYRES";4;0;1
447;"COOPER TIRES";4;0;1
448;BARUM;4;0;1
449;CONTINENTAL;4;0;1
450;"GENERAL TIRE";4;0;1
451;GISLAVED;4;0;1
452;VIKING;4;0;1
453;SEMPERIT;4;0;1
454;UNIROYAL;4;0;1
455;"BF GOODRICH TIRES";4;0;1
456;BRIDGESTONE;4;0;1
457;DEBICA;4;0;1
458;DUNLOP;4;0;1
459;FALKEN;4;0;1
460;FIRESTONE;4;0;1
461;FULDA;4;0;1
462;HANKOOK;4;0;1
463;"KINGS TIRE";4;0;1
464;"KUMHO TIRES";4;0;1
465;"MARANGONI TYRE";4;0;1
466;"MARSHAL TIRES";4;0;1
467;MATADOR;4;0;1
468;MEFO;4;0;1
469;METZELER;4;0;1
470;MICHELIN;4;0;1
471;MITAS;4;0;1
472;"NOKIAN TYRES";4;0;1
473;PNEUMANT;4;0;1
474;STUNNER;4;0;1
475;"TOYO TIRES";4;0;1
476;VREDESTEIN;4;0;1
477;YOKOHAMA;4;0;1
478;"KOIVUNEN OY";4;0;1
479;ALLMAKES;4;0;1
480;LPR;4;0;1
481;OCAP;4;0;1
482;TRUSTING;4;0;1
483;KCP;4;0;1
484;"KAVO PARTS";4;0;1
485;GLYCO;4;0;1
486;WEIDEMANN;3;0;1
487;KAMAZ;3;0;1
488;CASTROL;4;0;1
489;BIRTH;4;0;1
490;"TRUCKTEC AUTOMOTIVE";4;0;1
491;REMKAFLEX;4;0;1
492;"STEYR MOTORS";3;0;1
493;S.I.D.A.T;4;0;1
494;INTERNATIONAL;3;0;1
495;CEF;4;0;1
496;BOUGICORD;4;0;1
497;"GAT EUROKAT";4;0;1
498;TUDOR;4;0;1
499;BINDER;4;0;1
500;"CF GOMMA";4;0;1
501;AEBI;3;0;1
502;"ALFA ROMEO";3;0;1
503;"AUTO UNION";3;0;1
504;AUDI;3;0;1
505;AUSTIN;3;0;1
506;AUWRTER;3;0;1
507;AWD;3;0;1
508;BARREIROS;3;0;1
509;BEDFORD;3;0;1
510;BERLIET;3;0;1
511;BMW;3;0;1
512;BUESSING;3;0;1
513;CHRYSLER;3;0;1
514;CITRON;3;0;1
515;COMMER;3;0;1
516;DAF;3;0;1
517;DAIHATSU;3;0;1
518;DAIMLER;3;0;1
519;"DEUTSCHE KOCKUM";3;0;1
520;DKW;3;0;1
521;DODGE;3;0;1
522;DRGMLLER;3;0;1
523;FENWICK;3;0;1
524;FIAT;3;0;1
525;FORD;3;0;1
526;FRUEHAUF;3;0;1
527;GMC;3;0;1
528;GOTTWALD;3;0;1
529;HANOMAG;3;0;1
530;"HANOMAG HENSCHEL";3;0;1
531;"HANOMAG RHEINSTAHL";3;0;1
532;HENSCHEL;3;0;1
533;HONDA;3;0;1
534;"HOTCHKISS BRAND";3;0;1
535;IKARUS;3;0;1
536;INNOCENTI;3;0;1
537;"INTERNATIONAL HARV.";3;0;1
538;ISUZU;3;0;1
539;IVECO;3;0;1
540;JAGUAR;3;0;1
541;KLBLE;3;0;1
542;KSSBOHRER;3;0;1
543;KHD;3;0;1
544;KRUPP;3;0;1
545;LADA;3;0;1
546;LANCIA;3;0;1
547;LEYLAND;3;0;1
548;LIAZ;3;0;1
549;MACK;3;0;1
550;MAGIRUS-DEUTZ;3;0;1
551;MAN;3;0;1
552;MAZDA;3;0;1
553;MERCEDES-BENZ;3;0;1
554;MG;3;0;1
555;MITSUBISHI;3;0;1
556;MORRIS;3;0;1
557;MULTICAR;3;0;1
558;NISSAN;3;0;1
559;NSU;3;0;1
560;OM;3;0;1
561;OPEL;3;0;1
562;ORLANDI;3;0;1
563;PEUGEOT;3;0;1
564;YORK;3;0;1
565;PORSCHE;3;0;1
566;RENAULT;3;0;1
567;ROOTES;3;0;1
568;ROVER;3;0;1
569;SAAB;3;0;1
570;SAURER;3;0;1
571;SAVIEM;3;0;1
572;SCANIA;3;0;1
573;SEAT;3;0;1
574;SIMCA;3;0;1
575;SKODA;3;0;1
576;SUBARU;3;0;1
577;SUZUKI;3;0;1
578;TALBOT;3;0;1
579;TOYOTA;3;0;1
580;TRIUMPH;3;0;1
581;UNIC-SIMCA;3;0;1
582;"VAN HOOL";3;0;1
583;VAUXHALL;3;0;1
584;"VEB FZ.-WERKE";3;0;1
585;VETTER;3;0;1
586;VOLVO;3;0;1
587;VW;3;0;1
588;"WHITE MOTOR";3;0;1
589;ZASTAVA;3;0;1
590;AF;3;0;1
591;AEC;3;0;1
592;AGRALE;3;0;1
593;ALBION;3;0;1
594;ALCATEL;3;0;1
595;ASTRA;3;0;1
596;AVIA;3;0;1
597;"AVIA (MISA)";3;0;1
598;BARKAS;3;0;1
599;BERNA;3;0;1
600;BORGWARD;3;0;1
601;BOVA;3;0;1
602;CHEVROLET;3;0;1
603;DACIA;3;0;1
604;DENNIS;3;0;1
605;DGOF;4;0;1
606;EBRO;3;0;1
607;ERF;3;0;1
608;FAMSA;3;0;1
609;FAUN;3;0;1
610;FEDERAL;3;0;1
611;FREIGHTLINER;3;0;1
612;GAZ;3;0;1
613;"GUY MOTORS";4;0;1
614;HEULIEZ;3;0;1
615;HINO;3;0;1
616;IME;3;0;1
617;KAROSA;3;0;1
618;KARRIER;3;0;1
619;KENWORTH;3;0;1
620;LEYLAND-DAF;3;0;1
621;"LEYLAND-FREIGHT ROVE";3;0;1
622;"LORRAINE (PLAXTON)";3;0;1
623;MARMON;3;0;1
624;MEILI;3;0;1
625;MERCURY;3;0;1
626;NEOPLAN;3;0;1
627;OTOMARSAN;3;0;1
628;PADANE;3;0;1
629;ENASA;3;0;1
630;PETERBILT;3;0;1
631;POLMO;3;0;1
632;RELIANCE;3;0;1
633;SAETA;3;0;1
634;SALEV;4;0;1
635;SANTANA;3;0;1
636;SAVA;3;0;1
637;"SEDDON DIESEL";3;0;1
638;SISU;3;0;1
639;SSANGYONG;3;0;1
640;STEYR;3;0;1
641;TAM;3;0;1
642;TATA;3;0;1
643;TATRA;3;0;1
644;TROUILLET;3;0;1
645;PIAGGIO;3;0;1
646;"WESTERN STAR";3;0;1
647;HYUNDAI;3;0;1
648;KIA;3;0;1
649;DAEWOO;3;0;1
650;WARTBURG;3;0;1
651;TRABANT;3;0;1
652;AUSTIN/MG;3;0;1
653;ROVER/AUSTIN;3;0;1
654;ROVER/TRIUMPH/AUSTIN;3;0;1
655;ROV/TRIU/JAGU/AUSTIN;3;0;1
656;ROV/TRI/JAG/AUS/MG;3;0;1
657;VAG;3;0;1
658;"FIAT / LANCIA";3;0;1
659;ALFAROME/FIAT/LANCI;3;0;1
660;"HAGEN BATTERIE";4;0;1
661;KNORR-BREMSE;4;0;1
662;GRAU;4;0;1
663;BERG;4;0;1
664;DAHL;4;0;1
665;UFI;4;0;1
666;AC;3;0;1
667;FLEETGUARD;4;0;1
668;DONALDSON;4;0;1
669;VEYANCE;4;0;1
670;HUTCHINSON;4;0;1
671;KLEBER;4;0;1
672;MOPROD;4;0;1
673;MOTORCRAFT;4;0;1
674;PIRELLI;4;0;1
675;REMY;4;0;1
676;UNIPART;4;0;1
677;BLAUPUNKT;4;0;1
678;CARELLO;4;0;1
679;SETRA;3;0;1
680;DUCELLIER;4;0;1
681;EWOTEC;4;0;1
682;FEMSA;4;0;1
683;FREIENSTEIN;4;0;1
684;GAISBACH;4;0;1
685;HAGUS;4;0;1
686;HAPPICH;4;0;1
687;HUECO;4;0;1
688;JAEGER;3;0;1
689;JOURNEE;4;0;1
690;MEKRA;4;0;1
691;MERIT;4;0;1
692;MESSMER;4;0;1
693;MOTEMTRONIC;4;0;1
694;MOTOROLA;4;0;1
695;NOTEK;4;0;1
696;PARIS-RHONE;4;0;1
697;PUDENZ;4;0;1
698;SCHIER;4;0;1
699;SEV-MARCHAL;4;0;1
700;SISPA;4;0;1
701;STRIBEL;4;0;1
702;TUNGSRAM;4;0;1
703;PHOENIX;4;0;1
704;WEGU;4;0;1
705;WEHRLE&S;4;0;1
706;"WEHRLE J.";4;0;1
707;AGRIA;3;0;1
708;BOMAG;3;0;1
709;"CASE IH";3;0;1
710;FIBRON;4;0;1
711;FRITZMEIER;4;0;1
712;HATZ;4;0;1
713;HHF;4;0;1
714;HOLDER;3;0;1
715;HERCULES;4;0;1
716;HITACHI;3;0;1
717;"MASSEY FERGUSON";3;0;1
718;MWM;3;0;1
719;NATO;4;0;1
720;"O & K";3;0;1
721;POCLAIN;3;0;1
722;SAME;3;0;1
723;SOLO;3;0;1
724;STEINBOCK;3;0;1
725;VOTEX;4;0;1
726;ZUENDAPP;3;0;1
727;LIEBHERR;3;0;1
728;A.P.;4;0;1
729;AKG;4;0;1
730;ASPERA;4;0;1
731;BAHCO;4;0;1
732;"BRGGEMANN STELLA";4;0;1
733;DAIICHI;4;0;1
734;MTU;4;0;1
735;"NEW ERA";4;0;1
736;OMC;4;0;1
737;RENNINGTON;4;0;1
738;ROTAX;4;0;1
739;"RENAULT TRUCKS";3;0;1
740;STELLA;4;0;1
741;WEBASTO;4;0;1
742;"AVA QUALITY COOLING";4;0;1
743;WERTHENBACH;4;0;1
744;AUGROS;4;0;1
745;FERRARI;3;0;1
746;LAMBORGHINI;3;0;1
747;KARMANN;3;0;1
748;ROLLS-ROYCE;3;0;1
749;HOTWIRES;4;0;1
750;EYQUEM;4;0;1
751;AMG;4;0;1
752;ALFMEIER;4;0;1
753;ASEA;4;0;1
754;BARLUK;4;0;1
755;CARBUREIBAR;4;0;1
756;CORONZ;4;0;1
757;COSWORTH;4;0;1
758;CUMMINS;3;0;1
759;FARYMAN;4;0;1
760;KAUTEX;4;0;1
761;KEIHIN;4;0;1
762;KYOSAN;4;0;1
763;MOTOKOV;4;0;1
764;"MOTOR JIKOV";4;0;1
765;PERKINS;3;0;1
766;"PIERBURG FRANCE";4;0;1
767;ROCHESTER;4;0;1
768;SIEMENS;4;0;1
769;SOFABEX;4;0;1
770;VOLVO-PENTA;4;0;1
771;WEBER;4;0;1
772;ZENITH;4;0;1
773;PM;4;0;1
774;DODUCO;4;0;1
775;DOWAL;4;0;1
776;FACET;4;0;1
777;HCO;4;0;1
778;INTERMOTOR;4;0;1
779;PAL;4;0;1
780;PVL;4;0;1
781;ANSA;4;0;1
782;AROSI;4;0;1
783;"AIR REFINER";4;0;1
784;KAYSER-FILTER;4;0;1
785;CAV;4;0;1
786;MAFERSA;3;0;1
787;ALBERT;4;0;1
788;BLAU;4;0;1
789;CLAAS;3;0;1
790;DEUTZ-FAHR;3;0;1
791;FENDT;3;0;1
792;"GENERAL MOTORS";3;0;1
793;"JOHN DEERE";3;0;1
794;KREIDLER;4;0;1
795;MAICO;4;0;1
796;AMERICANMOTORS(FORD);3;0;1
797;"BRIGGS & STRATTON";4;0;1
798;"DAVID BROWN";3;0;1
799;EFEL;4;0;1
800;ELMOT;4;0;1
801;FER;4;0;1
802;INTERNATIONAL;4;0;1
803;MITSUBA;4;0;1
804;MONARK;4;0;1
805;NIKKO;4;0;1
806;"PRESTOLITE ELECTRIC";4;0;1
807;"ROMANIA MAN";3;0;1
808;"UNITED TECHNOLOGIES";4;0;1
809;MASERATI;3;0;1
810;ROBUR;3;0;1
811;RELIANT;3;0;1
812;PONTIAC;3;0;1
813;FSO;3;0;1
814;"FORD USA";3;0;1
815;LAND/RANGERO;4;0;1
816;PROTON;3;0;1
817;PERLINI;3;0;1
818;SICCA;3;0;1
819;TEMOT;4;0;1
820;HENGSTENBERG;4;0;1
821;ELECTROSTART;4;0;1
822;KATEK;4;0;1
823;IHL;4;0;1
824;BUGATTI;3;0;1
825;DOLZ;4;0;1
826;FIRMATEC;4;0;1
827;GEBA;4;0;1
828;GRAF;4;0;1
829;KRULL;4;0;1
830;KWP;4;0;1
831;SALERI;4;0;1
832;TS-UNION;4;0;1
833;TRW;4;0;1
834;AUTOBIANCHI;3;0;1
835;BLMC;3;0;1
836;HOLDEN;3;0;1
837;LOTUS;3;0;1
838;MORGAN;3;0;1
839;CITROEN/PEUGEOT;3;0;1
840;VW/SEAT;3;0;1
841;DATSUN;3;0;1
842;"FORD OTOSAN";3;0;1
843;VOLGA;3;0;1
844;ALPINE;3;0;1
845;GLAS;3;0;1
846;MOSKVICH;3;0;1
847;"TRIPLE FIVE";4;0;1
848;BENTLEY;3;0;1
849;BUICK;3;0;1
850;BUNDESWEHR;4;0;1
851;CACCIAMAII;4;0;1
852;CADILLAC;3;0;1
853;CLARK;3;0;1
854;DEMAG;3;0;1
855;"DEN OUDSTEN BUSSEN";3;0;1
856;DUEWAG;3;0;1
857;EAGLE;3;0;1
858;EHRENREICH;4;0;1
859;ESM;4;0;1
860;EVOBUS;3;0;1
861;EWK;3;0;1
862;"FODEN TRUCKS";3;0;1
863;FRIMATEC;4;0;1
864;GEO;3;0;1
865;GINAF;3;0;1
866;GOLDHOFER;3;0;1
867;GROVE;3;0;1
868;"ALFRED HEYD";4;0;1
869;JCB;3;0;1
870;JONCKHEERE;3;0;1
871;KGEL;3;0;1
872;LANZ+MARTI;3;0;1
873;"LANDTECH. SCHNEBECK";4;0;1
874;LEXUS;3;0;1
875;MCW;3;0;1
876;MDW;3;0;1
877;MEGA;3;0;1
878;MENARINI;3;0;1
879;MOWAG;3;0;1
880;NOOTEBOOM;3;0;1
881;OPTARE;3;0;1
882;PLYMOUTH;3;0;1
883;PREMIER;3;0;1
884;PREVOST;3;0;1
885;RABA;3;0;1
886;RENDERS;3;0;1
887;ROCKWELL;3;0;1
888;SAF;3;0;1
889;SHANGHAI;3;0;1
890;"SPIERINGS KRANEN";3;0;1
891;STILL;3;0;1
892;TERBERG-BENSCHOP;3;0;1
893;TVR;3;0;1
894;VME;3;0;1
895;"ZF Parts";4;0;1
896;VW-PORSCHE;3;0;1
897;BERKHOF;3;0;1
898;ALPINA;3;0;1
899;BACHMANN;4;0;1
900;FRIWEG;4;0;1
901;GFP;4;0;1
902;HILLMANN;4;0;1
903;KKK;4;0;1
904;NEDCAR;4;0;1
905;"REMPLOY LTD";4;0;1
906;SEMEX;4;0;1
907;"ASIA MOTORS";3;0;1
908;PUMA;3;0;1
909;"ASTON MARTIN";3;0;1
910;JEEP;3;0;1
911;"IW LUDWIGSFELDE";4;0;1
912;"ARDENAISSE D'ESSIEUX";4;0;1
913;BPW;3;0;1
914;CALABRESE;4;0;1
915;CARDI;4;0;1
916;CARRIMORE;4;0;1
917;CASTARA;4;0;1
918;CAZENAVE;4;0;1
919;CODER;4;0;1
920;COLAERT;4;0;1
921;DORSEY;4;0;1
922;EATON;3;0;1
923;GOTHAER;4;0;1
924;HAHN;4;0;1
925;KNOTT;4;0;1
926;LAG;4;0;1
927;LECINENA;4;0;1
928;LECITRAILER;4;0;1
929;LOHR;4;0;1
930;MOL;4;0;1
931;"MLLER MITTELTAL";3;0;1
932;PERROT;4;0;1
933;TRAILOR;4;0;1
934;WARSTEIN;4;0;1
935;WESTFIELD;3;0;1
936;MARUTI;3;0;1
937;HAKO;3;0;1
938;GUTBROD;3;0;1
939;ABG;3;0;1
940;AHLMANN;3;0;1
941;"AKERMAN VERKSTAD AB";3;0;1
942;ALLIS-CHALMERS;3;0;1
943;ARMAX;3;0;1
944;"ATLAS WEYHAUSEN";3;0;1
945;"ATLAS COPCO";3;0;1
946;AUSTIN-WESTERN;3;0;1
947;"AVELING BARFORD";3;0;1
948;BALKANCAR;3;0;1
949;BANTAM;3;0;1
950;BARBER-GREENE;3;0;1
951;"BARFORD OF BELTON";3;0;1
952;"BAY CITY SHOVELS";3;0;1
953;BENFORD;3;0;1
954;BENFRA;3;0;1
955;BERTOLINI;3;0;1
956;"BLAW KNOX";3;0;1
957;"BOHN U. KAEHLER";3;0;1
958;"BRAY CONSTRUCTION";3;0;1
959;"BRITISH CRANE A.EXCA";3;0;1
960;"BRITISH HOIST A. CRA";4;0;1
961;"BROOM AND WADE";3;0;1
962;"BUCRUS ERIE";3;0;1
963;CAFL;4;0;1
964;CALSA;3;0;1
965;CATERPILLAR;3;0;1
966;CLEVELAND;3;0;1
967;COLES;3;0;1
968;"CONSOLIDATED PNEUMAT";3;0;1
969;DECAUVILLE;4;0;1
970;DRESSER;3;0;1
971;DYNAPAC;3;0;1
972;EDER;3;0;1
973;"ELECTRA MOLINS";3;0;1
974;EUCLID;3;0;1
975;FIATALLIS;3;0;1
976;FIAT-HITACHI;3;0;1
977;"FLOTTMANN WERKE";3;0;1
978;"FORD NEW HOLLAND";3;0;1
979;FUCHS;3;0;1
980;GALION;3;0;1
981;GARWOOD;3;0;1
982;GMEINDER;3;0;1
983;GRADALL;3;0;1
984;"GROUPES INDUSTRIES";3;0;1
985;HAMM;3;0;1
986;HATRA;3;0;1
987;HENLEY;3;0;1
988;HOES;4;0;1
989;HOLMAN;3;0;1
990;HY-MAC;3;0;1
991;HYDROVANE;3;0;1
992;HYSTER;3;0;1
993;INGERSOLL-RAND;3;0;1
994;"IRMER U. ELZE";3;0;1
995;"ITMA TRATTORI";3;0;1
996;"JCB (BAMFORD)";3;0;1
997;"JONES CRANES";3;0;1
998;"JENBACHER WERKE";3;0;1
999;KAELBLE;3;0;1
1000;KAELBLE-GMEINDER;3;0;1
1001;KIMCO;4;0;1
1002;KOCKUM;3;0;1
1003;KOMATSU;3;0;1
1004;KRAMER;3;0;1
1005;KUBOTA;3;0;1
1006;"LANCER BOSS";3;0;1
1007;LANDINI;3;0;1
1008;LAURAK;3;0;1
1009;LOKOMO;4;0;1
1010;LOSENHAUSEN;3;0;1
1011;"TRACK MARSHALL";3;0;1
1012;MASSEY-FERG-HANOMAG;3;0;1
1013;MASSEY-HARRIS;3;0;1
1014;MELROE;3;0;1
1015;"MENCK U. HAMBROCK";4;0;1
1016;MENGELE;3;0;1
1017;MIAG;3;0;1
1018;MICHIGAN;3;0;1
1019;PINGON;3;0;1
1020;PINGUELY;3;0;1
1021;"PRIESTMAN BROTHERS";3;0;1
1022;"RANSOMES & RAPIER";4;0;1
1023;RICHIER;3;0;1
1024;"RUHR INTRANS";4;0;1
1025;RUTHEMEYER;4;0;1
1026;SAMUR;4;0;1
1027;SCHAEFF;3;0;1
1028;SCHEID;3;0;1
1029;SCHOPF;3;0;1
1030;SENNEBOGEN;3;0;1
1031;"SHAW JOSHUA";3;0;1
1032;"SHAWNEE POOLE";3;0;1
1033;"SHELVOKE A. DREWRY";3;0;1
1034;"SHORT BROTHERS";3;0;1
1035;SOYLAND;3;0;1
1036;SULLAIR;3;0;1
1037;TIMBERJACK;3;0;1
1038;TOSELLI;4;0;1
1039;"TOWMOTOR CORP.";3;0;1
1040;TRACMA;4;0;1
1041;VALMET;3;0;1
1042;WAYNE;3;0;1
1043;WEATHERHILL;3;0;1
1044;"WELDING INDUSTRIES";3;0;1
1045;WESERHUETTE;4;0;1
1046;WESTERBEKE;3;0;1
1047;WHITE;3;0;1
1048;"WHITLOCK BROTHERS";3;0;1
1049;YAMAHA;3;0;1
1050;ZETTELMEYER;3;0;1
1051;CESAB;3;0;1
1052;"FIAT OM CARELLI ELEV";3;0;1
1053;GUELDNER;3;0;1
1054;HUNTER;3;0;1
1055;IRION;3;0;1
1056;"LA BRUGEOISE";4;0;1
1057;LINDE;3;0;1
1058;"MAQUINARIA INDUSTRIA";4;0;1
1059;MATBRO;3;0;1
1060;TANSINI;4;0;1
1061;AGCO;3;0;1
1062;AGRIFULL;3;0;1
1063;AMAT;3;0;1
1064;ARBOS;4;0;1
1065;"AS MOTOR";3;0;1
1066;"AVCO NEW IDEA";3;0;1
1067;BAUTZ;3;0;1
1068;BCS;3;0;1
1069;BOBARD;3;0;1
1070;BOURGION;3;0;1
1071;BRAUD;3;0;1
1072;BROYT;3;0;1
1073;BUEHRER;4;0;1
1074;BUKH;3;0;1
1075;"BUNGARTZ U. PESCHKE";3;0;1
1076;CARRARO;3;0;1
1077;CBT;3;0;1
1078;CLAYSON;3;0;1
1079;COCKSHUTT;3;0;1
1080;"COUNTY COMMERCIAL";3;0;1
1081;"COVENTRY CLIMAX";3;0;1
1082;DECHENTREITER-LELY;3;0;1
1083;DEXHEIMER;4;0;1
1084;DRONNINGBORG;3;0;1
1085;EICHER;3;0;1
1086;EIMCO;3;0;1
1087;"EPPLE BUXBAUM";4;0;1
1088;FAHR;3;0;1
1089;FLYMO;4;0;1
1090;GLOUCESTER;3;0;1
1091;GOLDONI;3;0;1
1092;"GRAEF & STIFT";4;0;1
1093;GRIFFET-ICENDIE;4;0;1
1094;"HARVAL TRUCK";3;0;1
1095;"HESTON CORPORATION";3;0;1
1096;HRLIMANN;3;0;1
1097;"HYDRAULIC MACHINERY";3;0;1
1098;IFA;3;0;1
1099;"INDUSTRIJA MOTORA";3;0;1
1100;"INTERN. TRACTOR CO.";3;0;1
1101;IRUS;3;0;1
1102;"KOEDEL U. BOEHM GMBH";3;0;1
1103;LABOURIER;3;0;1
1104;LANDONI;3;0;1
1105;"LANSING BAGNALL";3;0;1
1106;LAVERDA;3;0;1
1107;LMV;3;0;1
1108;LOISEAU;3;0;1
1109;LONG;3;0;1
1110;MANOX;4;0;1
1111;MAXION;3;0;1
1112;"SPERRY NEW HOLLAND";3;0;1
1113;OLIVER;3;0;1
1114;POTTINGER;3;0;1
1115;"RANSOMES SIMMS&JEFFR";3;0;1
1116;REFORM;3;0;1
1117;RICHARD;4;0;1
1118;RIVIERRE-CASALIS;4;0;1
1119;ROSENLEW;3;0;1
1120;RUBERY-OWEN;3;0;1
1121;"RUSTON BUCYRUS";3;0;1
1122;SABATIER;4;0;1
1123;SAINT-CHAMOND;3;0;1
1124;SCHANZLIN;3;0;1
1125;SCHILTER;4;0;1
1126;SCHLTER;3;0;1
1127;SCHMIEDAG;3;0;1
1128;SLC;3;0;1
1129;SOMECA;4;0;1
1130;"STOTHERT A. PITT";3;0;1
1131;"TEMA TERRA";3;0;1
1132;TORPEDO;3;0;1
1133;"UZINA TRACTORUL";4;0;1
1134;VALPADANA;3;0;1
1135;VENDEUVRE;4;0;1
1136;WARCHALOWSKI;4;0;1
1137;WESTERASMASKINER;3;0;1
1138;YANMAR;3;0;1
1139;ZETOR;3;0;1
1140;STIHL;3;0;1
1141;BOMBARDIER;3;0;1
1142;KAWASAKI;3;0;1
1143;"NEW FLYER";3;0;1
1144;TIELBRGER;4;0;1
1145;KALMAR-IRON;3;0;1
1146;PACCAR;3;0;1
1147;PACTON;3;0;1
1148;PAILTON;3;0;1
1149;SMART;3;0;1
1150;ZAZ;3;0;1
1151;OLDSMOBILE;3;0;1
1152;LINCOLN;3;0;1
1154;TIPTOP;4;0;1
1155;CLIMAUTO;4;0;1
1156;SWAG;4;0;1
1157;BRADI;4;0;1
1158;MAHINDRA;3;0;1
1159;AVF;4;0;1
1160;"ELECTRO PRECISI";4;0;1
1161;ELPROM;4;0;1
1162;"INTERN. HARVESTER";4;0;1
1163;ARO;3;0;1
1164;LDV;3;0;1
1165;VTE;4;0;1
1166;ASMET;4;0;1
1167;CISAM;4;0;1
1168;DESCAM;4;0;1
1169;ECIA;4;0;1
1170;FENNO;4;0;1
1171;FONOS;4;0;1
1172;IMASAF;4;0;1
1173;ROMAX;4;0;1
1174;ROSI;4;0;1
1175;TECHNOMAG;4;0;1
1176;TESTAG;4;0;1
1177;TIMAX;4;0;1
1178;USN;4;0;1
1179;"VAN HECK";4;0;1
1180;ZARA;4;0;1
1181;CIA;4;0;1
1182;CROMADORA;4;0;1
1183;ESTEE;4;0;1
1184;HAVAM;4;0;1
1185;MIVV;4;0;1
1186;PEDOL;4;0;1
1187;"ECHLIN INTERNATIONAL";4;0;1
1188;"TAMCO INC.";4;0;1
1189;"NTK (NGK-GROUP)";4;0;1
1190;AIXAM;3;0;1
1191;ALBANY;4;0;1
1192;APAL;4;0;1
1193;BERTONE;3;0;1
1194;BITTER;3;0;1
1195;BRISTOL;3;0;1
1196;CALLAWAY;4;0;1
1197;CARBODIES;3;0;1
1198;CATERHAM;3;0;1
1199;CHECKER;3;0;1
1200;"COLEMAN MILNE";4;0;1
1201;DALLAS;3;0;1
1202;"DE LOREAN";3;0;1
1203;"DE TOMASO";3;0;1
1204;"FORD AUSTRALIA";3;0;1
1205;SATURN;3;0;1
1206;GINETTA;4;0;1
1207;HINDUSTAN;3;0;1
1208;HOBBYCAR;3;0;1
1209;AUTHI;3;0;1
1210;DINGLER;3;0;1
1211;ENVEMO;4;0;1
1212;GILBERN;3;0;1
1213;ACURA;3;0;1
1214;HUMMER;3;0;1
1215;INDIGO;4;0;1
1216;IRMSCHER;3;0;1
1217;ISDERA;4;0;1
1218;ISH;3;0;1
1219;JENSEN;3;0;1
1220;"LIGHT CAR COMPANY";4;0;1
1221;LIGIER;3;0;1
1222;LISTER;3;0;1
1223;LUAZ;3;0;1
1224;MARCOS;3;0;1
1225;MARLIN;3;0;1
1226;MCLAREN;3;0;1
1227;MEBEA;4;0;1
1228;METROCAB;3;0;1
1229;MIDDLEBRIDGE;3;0;1
1230;MINELLI;4;0;1
1231;MINI;3;0;1
1232;NAYLOR;3;0;1
1233;"MITSUBISHI LONSDALE";3;0;1
1234;INFINITI;3;0;1
1235;OLTCIT;3;0;1
1236;ONAN;3;0;1
1237;OSCA;3;0;1
1238;PANOZ;4;0;1
1239;PANTHER;3;0;1
1240;PAYKAN;4;0;1
1241;PERODUA;3;0;1
1242;RANGER;3;0;1
1243;RAPID;3;0;1
1244;"RAYTON FISSORE";3;0;1
1245;BOND;3;0;1
1246;AUSTIN-HEALEY;3;0;1
1247;RILEY;3;0;1
1248;STERLING;3;0;1
1249;WOLSELEY;3;0;1
1250;RTI;3;0;1
1251;SAFRAR;4;0;1
1252;SAN;3;0;1
1253;SAO;3;0;1
1254;SBARRO;4;0;1
1255;SHELBY;4;0;1
1256;SIPANI;3;0;1
1257;SPECTRE;4;0;1
1258;STANDARD;3;0;1
1259;TOFAS;3;0;1
1260;TRIDENT;3;0;1
1261;UAZ;3;0;1
1262;UMM;3;0;1
1263;VECTOR;3;0;1
1264;VENTURI;3;0;1
1265;VIASA;3;0;1
1266;WIESMANN;3;0;1
1267;YULON;3;0;1
1268;PUCH;3;0;1
1269;BRECO;4;0;1
1270;DKER;4;0;1
1271;JAPCAR;4;0;1
1272;"OBTEC A/S";4;0;1
1273;PIM;4;0;1
1274;SEBRO;4;0;1
1275;WRTH;4;0;1
1276;BREMS.-U.KUPPL.TEILE;4;0;1
1277;AKEBONO;4;0;1
1278;FMSI-VERBAND;4;0;1
1279;"CUSTOMISED PRODUCTS";4;0;1
1280;SAE;3;0;1
1281;INTERBRAKE;4;0;1
1282;PETERS;4;0;1
1283;BARMAG;4;0;1
1284;FI-PARTS;4;0;1
1285;ORION;4;0;1
1286;"CALORSTAT by Vernet";4;0;1
1287;YALE;3;0;1
1288;IHC;4;0;1
1289;TOPCATS;4;0;1
1290;CLIMCAR;4;0;1
1291;IMPREFIL;4;0;1
1292;"LAND ROVER";3;0;1
1293;ALLINQUANT;4;0;1
1294;AMORTEX;4;0;1
1295;ARALMEX;4;0;1
1296;ARMSTRONG;4;0;1
1297;AISIN;4;0;1
1298;BELDESAN;4;0;1
1299;"CENTRAL AUTOMOTIVE P";4;0;1
1300;CODISA;4;0;1
1301;COFAP;4;0;1
1302;CORAM;4;0;1
1303;DAIKIN;4;0;1
1304;"DE CARBON";4;0;1
1305;DURA;4;0;1
1306;EUROQUIP;4;0;1
1307;FAG;4;0;1
1308;"FUJI CHEM.COOP.";4;0;1
1309;FRAYMON;4;0;1
1310;GEMO;4;0;1
1311;HARTHA;4;0;1
1312;HOLZHUSER;4;0;1
1313;INA;4;0;1
1314;KOYO;4;0;1
1315;KUMA;4;0;1
1316;LAYCOCK;4;0;1
1317;LIPMESA;4;0;1
1318;"BREDA LORETT";4;0;1
1319;NACHI;4;0;1
1320;NSK-RHP;4;0;1
1321;NTN;4;0;1
1322;REPCO;4;0;1
1323;"SEOJIN DAIKIN CORP.";4;0;1
1324;SIA;4;0;1
1325;"SIRMOUR SUDBURG (IND";4;0;1
1326;SV;4;0;1
1327;TOKICO;4;0;1
1328;IRIA;4;0;1
1329;VEGAZ;4;0;1
1330;"BRAKE PARTS INC.";4;0;1
1331;EIS;4;0;1
1332;IPI;4;0;1
1333;"KELSEY HAYES";4;0;1
1334;KONGSBERG;4;0;1
1335;RAYBESTOS;4;0;1
1337;WILLYS;4;0;1
1338;"WAGNER LOCKHEED";4;0;1
1339;KAYSER;3;0;1
1341;"HP (ZEBRA)";4;0;1
1342;"OJD (QUICK BRAKE)";4;0;1
1343;"KALE OTO RADYATR";4;0;1
1344;SAGEM;4;0;1
1345;"DUPLI COLOR";4;0;1
1346;MOTIP;4;0;1
1347;PRESTO;4;0;1
1348;TYC;4;0;1
1349;ZF;4;0;1
1350;ORDONEZ;4;0;1
1351;NRF-MAROC;4;0;1
1352;CTR;4;410;1
1353;ARD;4;0;1
1354;JALAIR;4;0;1
1355;MONTANA;4;0;1
1356;NAVARRA;4;0;1
1357;NRAL;4;0;1
1358;IRB;4;0;1
1359;MECAFILTER;4;0;1
1360;IDROMEC;4;0;1
1361;DURITE;4;0;1
1362;"MENBER S";4;0;1
1363;"LIGHTEN POINT";4;0;1
1364;TRAILOR;3;0;1
1365;TIMKEN;4;0;1
3001;"VEB FZ.-WERKE";3;0;1
3002;PRINCESS;3;0;1
3003;FISSORE;3;0;1
3004;PEGASO;3;0;1
3005;"NUOVA INNOCENTI";4;0;1
3006;LEYLAND-INNOCENTI;3;0;1
3007;"JEEP VIASA";3;0;1
3008;MIURA;4;0;1
3009;MATRA;3;0;1
3010;GURGEL;3;0;1
3011;"YUE LOONG";3;0;1
3012;TRESER;4;0;1
3013;AMC;3;0;1
3015;AWS;4;0;1
10000;THULE/BRINK;4;0;1
10001;ACDelco;4;0;1
10002;"LIQUI MOLY";4;0;1
10003;"ROULUNDS BRAKING";4;0;1
10004;"ERA Benelux";4;0;1
10005;"SCT Germany";4;0;1
10006;ELSTOCK;4;0;1
10007;TRICO;4;0;1
10008;"3F QUALITY";4;0;1
10009;ORIONE;4;0;1
10010;EOLO;4;0;1
10011;FLASH-AIR;4;0;1
10012;HALDEX;4;0;1
10013;DINEX;4;0;1
10014;ERA;4;0;1
10015;FRECCIA;4;0;1
10016;FLENNOR;4;0;1
10017;"ELWIS ROYAL";4;0;1
10018;IPSA;4;0;1
10019;DBA;4;0;1
10020;PBR;4;0;1
10021;SEIKEN;4;0;1
10022;"MK Kashiyama";4;0;1
10023;BANDO;4;0;1
10024;555;4;0;1
10025;APRILIA;3;0;1
10026;ARGO;4;0;1
10027;"ARMSTRONG SIDDELEY";4;0;1
10028;ASAS;4;0;1
10029;ASHIKA;4;0;1
10030;ATP;4;0;1
10031;AUTOTECH;4;0;1
10032;BECK/ARNLEY;4;0;1
10033;BENELLI;3;0;1
10034;"BIG FILTER";4;0;1
10035;MITSUBOSHI;4;0;1
10054;"BURMEISTER & WAIN";3;0;1
10055;CAGIVA;3;0;1
10056;FAE;4;0;1
10057;FULMEN;4;0;1
10059;NECTO;4;0;1
10064;CAR;4;0;1
10065;"MEAT & DORIA";4;0;1
10066;ABAL;4;0;1
10067;ACKERMANN;3;0;1
10068;AGIS-ZAVORE;4;0;1
10069;"Saleri SIL";4;0;1
10070;AMAZONE;3;0;1
10071;AXLETECH;3;0;1
10072;BENALU;3;0;1
10073;"BUCHER Schrling";3;0;1
10074;DON-BUR;3;0;1
10075;DOLL;3;0;1
10076;ECOVRAC;3;0;1
10077;ELBA;3;0;1
10078;FFB;3;0;1
10079;FRAPPA;3;0;1
10080;"REDAELLI RICAMBI";4;0;1
10081;FURUKAWA;3;0;1
10082;WELGER;4;0;1
10083;"GRANNING LYNX";4;0;1
10084;GRAZIANOTRASMISSIONI;3;0;1
10085;GRIMME;3;0;1
10086;NIPPARTS;4;0;1
10087;MGA;4;0;1
10088;"HERTH+BUSS HEAVYPART";4;0;1
10089;CARDONE;4;0;1
10090;"LANDWIND (JMC)";3;0;1
10091;GEELY;3;0;1
10092;RHIAG;4;0;1
10093;"Brake ENGINEERING";4;0;1
10094;"APEC braking";4;0;1
10095;DON;4;0;1
10096;COBREQ;4;0;1
10097;ABEX;4;0;1
10098;"ALLIED NIPPON";4;0;1
10099;COFLE;4;0;1
10100;BALO-MOTORTEX;4;0;1
10101;FENOX;4;0;1
10102;MARBUS;4;0;1
10103;FREMAX;4;0;1
10104;GUHUR;3;0;1
10105;HYDREMA;3;0;1
10106;IMECA;4;0;1
10107;FLIEGL;3;0;1
10108;KELLER;4;0;1
10109;KEMPER;3;0;1
10110;KMB;3;0;1
10111;BERTOJA;3;0;1
10112;BROSHUIS;3;0;1
10113;MONTENEGRO;3;0;1
10114;TITAN;3;0;1
10115;MASSO;3;0;1
10116;AUSTERAS;3;0;1
10117;KVERNELAND;3;0;1
10118;LAFON;4;0;1
10119;LAMBERET;3;0;1
10120;"HELLA PAGID";4;0;1
10121;BERAL;4;0;1
10122;KYMCO;3;0;1
10123;MEFEX;4;0;1
10124;SIGAM;4;0;1
10125;BORLA;4;0;1
10126;CORSA;4;0;1
10127;DYNOMAX;4;0;1
10128;GILLET;4;0;1
10129;DIEDERICHS;4;0;1
10131;AFA;4;0;1
10132;ECS;4;0;1
10133;ERIBA;3;0;1
10134;TABBERT;3;0;1
10135;WILK;4;0;1
10136;KNAUS;3;0;1
10137;WEINSBERG;4;0;1
10138;"NEW HOLLAND";3;0;1
10139;KOBELCO;3;0;1
10140;KDP;4;0;1
10141;KSP;4;0;1
10142;SASIC;4;0;1
10143;FICOSA;4;0;1
10144;IPD;4;0;1
10145;LANCIER;4;0;1
10146;LTH;4;0;1
10147;"LH LIFT";4;0;1
10148;LELY;4;0;1
10149;LEMKEN;4;0;1
10150;MAFI;3;0;1
10151;"MAGNA STEYR";4;0;1
10152;MEIERLING;4;0;1
10153;METACO;3;0;1
10154;NRKO;3;0;1
10155;"LHYDR. ALTENERDING";4;0;1
10156;ORTHAUS;3;0;1
10157;PPS;4;0;1
10158;REISCH;3;0;1
10159;RHEINMETALLANDSYSTEM;4;0;1
10160;RUTHMANN;4;0;1
10161;SCHUITEMAKER;3;0;1
10162;"SEDDON ATKINSON";3;0;1
10163;SNVI;3;0;1
10164;SOMMER;4;0;1
10165;"SPITZER SILO";3;0;1
10166;STOKATA;4;0;1
10167;SYLTONE;4;0;1
10168;TEMSA;3;0;1
10169;TITGEMEYER;4;0;1
10170;TML;3;0;1
10171;TRACTAIR;4;0;1
10172;VALTRA;3;0;1
10173;VEREM;3;0;1
10174;WEIRO;3;0;1
10175;"FRITZ WINTER";4;0;1
10176;EFI;4;0;1
10177;DURON;4;0;1
10178;SEIM;4;0;1
10179;"FAI AutoParts";4;0;1
10180;"JP GROUP";4;0;1
10185;AUTOSAN;3;0;1
10186;BORGES;4;0;1
10187;STEMCO;4;0;1
10189;STANDARD;4;0;1
10190;INTERPARTS;4;0;1
10191;KAGER;4;0;1
10192;BOBCAT;3;0;1
10193;"RECORD FRANCE";4;0;1
10194;AS;4;0;1
10195;ARGENTUM;4;0;1
10197;AMC;4;0;1
10198;"FP DIESEL";4;0;1
10199;"STERLING TRUCKS";3;0;1
10204;GIRLING;4;0;1
10205;BRECK;4;0;1
10206;CONTIS;4;0;1
10207;AP;4;0;1
10208;ASNA;3;0;1
10209;AVANTI;4;0;1
10210;BRICKLIN;4;0;1
10211;EXCALIBUR;4;0;1
10212;LAFORZA;3;0;1
10213;MERKUR;3;0;1
10214;QVALE;3;0;1
10215;SALEEN;4;0;1
10216;SCION;3;0;1
10217;STUDEBAKER;3;0;1
10218;SUNBEAM;3;0;1
10219;ISRINGHAUSEN;4;0;1
10220;CellastoÆ;4;0;1
10221;KAWE;4;0;1
10222;ZEPPELIN;3;0;1
10223;"MAHLE ORIGINAL";4;0;1
10224;"EUROLITES LEART";4;0;1
10225;"AIR FREN";4;0;1
10226;SCHOMCKER;4;0;1
10227;DPH;4;0;1
10228;AIMCO;4;0;1
10229;MOUNTAIN;4;0;1
10230;SIDAT;4;0;1
10231;PILENGA;4;0;1
10232;SisuDiesel;3;0;1
10233;LIZARTE;4;0;1
10234;"MOTO GUZZI";3;0;1
10235;"GARDNER PARTS";4;0;1
10236;RUGGERINI;3;0;1
10237;OSVAT;4;0;1
10238;HILDEBRAND;4;0;1
10239;ZHONGHUA(BRILLIANCE);3;0;1
10240;LENCO;4;0;1
10241;"SACHS (ZF SRE)";4;0;1
10242;"EURODEAL AUTOPARTS";4;0;1
10243;"KLEIN Gelenkwellen";4;0;1
10244;fri.tech.;4;0;1
10245;JDEUS;4;0;1
10246;sbs;4;0;1
10247;ASSO;4;0;1
10248;AUTEX;4;0;1
10249;TOPRAN;4;0;1
10250;KCW;4;0;1
10251;"WALKER PRODUCTS";4;0;1
10252;BREMACH;3;0;1
10253;intec;4;0;1
10254;retec;4;0;1
10255;WALBRO;4;0;1
10256;wema;4;0;1
10257;BorgWarner;4;0;1
10258;SPYKER;4;0;1
10259;OSHKOSH;3;0;1
10260;BONETTI;4;0;1
10261;CAMC;3;0;1
10262;DUCATI;3;0;1
10263;KTM;3;0;1
10264;"MV AGUSTA";3;0;1
10265;AMMANN;3;0;1
10266;ASCA;3;0;1
10267;FA1;4;0;1
10271;Panasonic;4;0;1
10272;"CALSONIC KANSEI";4;0;1
10273;HCC;4;0;1
10274;SELTEC;4;0;1
10275;ZEXEL;4;0;1
10276;"SEIKO SEIKI";4;0;1
10277;ALLARD;4;0;1
10278;"AM GENERAL";3;0;1
10279;"AMERICAN AUSTIN";4;0;1
10280;"AMERICAN BANTAM";4;0;1
10281;AUBURN;3;0;1
10282;CISITALIA;3;0;1
10283;CORD;4;0;1
10284;CROSLEY;4;0;1
10285;DELAGE;4;0;1
10286;DELAHAYE;3;0;1
10287;DeSoto;3;0;1
10288;DUESENBERG;4;0;1
10289;DURYEA;4;0;1
10290;ESSEX;4;0;1
10291;FRANKLIN;3;0;1
10292;FRAZER;4;0;1
10293;"FRAZER NASH";4;0;1
10294;GARDNER;3;0;1
10295;GRAHAM;4;0;1
10296;"GRAHAM PAIGE";4;0;1
10297;HILLMAN;3;0;1
10298;HISPANO-SUIZA;3;0;1
10299;HUDSON;3;0;1
10300;HUPMOBILE;4;0;1
10301;"ISOTTA FRASCHINI";3;0;1
10302;JEFFERY;3;0;1
10303;KAISER;3;0;1
10304;LAGONDA;3;0;1
10305;LaSalle;4;0;1
10306;LOCOMOBILE;4;0;1
10307;NASH;4;0;1
10308;OAKLAND;4;0;1
10309;PACKARD;3;0;1
10310;PIERCE-ARROW;4;0;1
10311;RAMBLER;3;0;1
10312;REO;3;0;1
10313;STANGUELLINI;4;0;1
10314;STEVENS-DURYEA;4;0;1
10315;STUTZ;4;0;1
10316;TALBOT-LAGO;4;0;1
10317;TUCKER;3;0;1
10318;WILLYS;3;0;1
10319;YUGO;3;0;1
10320;SPESSO;4;0;1
10321;"K&N Filters";4;0;1
10322;GP;4;0;1
10323;E.T.F.;4;0;1
10324;CIFAM;4;0;1
10325;TARTARINI;4;0;1
10332;TC-Select;4;0;1
10333;NASR;4;0;1
10334;JEEPNEY;4;0;1
10335;"GRAY & ADAMS";3;0;1
10337;PJ;4;0;1
10338;INTRALL;4;0;1
10341;"GENERAL RICAMBI";4;0;1
10342;MAL;4;0;1
10344;CDX;4;0;1
10345;CALIX;4;0;1
10346;MTE-THOMSON;4;0;1
10347;AUVERLAND;3;0;1
10348;CARDI;3;0;1
10349;ANCHI;3;0;1
10350;ANFINI;4;0;1
10351;"BAJAJ TEMPO";4;0;1
10352;FORCE;3;0;1
10353;"JEEP (BJC)";3;0;1
10354;"CHANGAN (CHANA)";3;0;1
10355;CHANGHE;3;0;1
10356;"DONGFENG (DFAC)";3;0;1
10357;"DONGNAN (SOUEAST)";3;0;1
10358;ETSONG;4;0;1
10359;EUNOS;3;0;1
10360;"AUDI (FAW)";3;0;1
10361;"VW (FAW)";3;0;1
10362;DEX;4;0;1
10363;"TI Automotive";4;0;1
10364;FENGSHEN;3;0;1
10365;"FENGXING (DONGFENG )";3;0;1
10366;"FORD ASIA / OZEANIA";3;0;1
10367;FORTA;4;0;1
10368;HAFEI;3;0;1
10369;FOTON;3;0;1
10370;"MAZDA (HAINAN)";3;0;1
10371;HANJIANG;4;0;1
10372;HARBIN;4;0;1
10373;HONGQI;3;0;1
10374;HUALI;4;0;1
10375;JAC;3;0;1
10376;WULING;3;0;1
10377;FUQI;3;0;1
10378;"BAJ et FOND";4;0;1
10379;BELLIER;3;0;1
10380;AUTODISTRUBUTION;4;0;1
10381;WOKING;4;0;1
10382;VILLAR;4;0;1
10383;SAMKO;4;0;1
10384;SIMER;4;0;1
10385;RAICAM;4;0;1
10386;FREN-J;4;0;1
10387;"KHLER SCHNEIDER";4;0;1
10388;AUTOMEGA;4;0;1
10389;CHERY;3;0;1
10390;"JINBEI (BRILLIANCE)";3;0;1
10391;CHANGFENG;3;0;1
10392;"FAW TIANJIN";3;0;1
10393;"CITROEN (DF-PSA)";3;0;1
10394;TEMPLIN;4;0;1
10395;SANDVIK;3;0;1
10396;SCHAFFELHUBER;4;0;1
10397;"WILL SIEPRATH";4;0;1
10398;SUER;3;0;1
10399;USG;4;0;1
10400;ABB;4;0;1
10401;BBS;4;0;1
10402;Supersprint;4;0;1
10403;DADI;3;0;1
10404;GONOW;3;0;1
10405;"GREAT WALL";3;0;1
10406;MITSUOKA;4;0;1
10407;"MAPLE (SMA)";3;0;1
10408;BAOLONG;4;0;1
10409;JIEFANG;3;0;1
10410;JIANGNAN;3;0;1
10411;"FAW JILIN";3;0;1
10412;"NISSAN (ZHENGZHOU)";3;0;1
10413;"ZHONGXING (ZTE)";4;0;1
10414;"SHANGHAI WANFENG";4;0;1
10415;TONGTIAN;4;0;1
10416;CAETANO;4;0;1
10417;CASALINI;3;0;1
10418;CHATENET;3;0;1
10419;COMETTO;4;0;1
10420;DANGEL;3;0;1
10421;DENNISON;4;0;1
10422;DESTA;4;0;1
10423;DORMOBILE;4;0;1
10424;DUPLE;4;0;1
10425;"EASTERN COACH WORKS";4;0;1
10426;FAP;3;0;1
10427;FILLIAT;4;0;1
10428;GRECAV;4;0;1
10429;IRIZAR;3;0;1
10430;ISEKI;3;0;1
10431;OTOKAR;3;0;1
10432;NUFFIELD;3;0;1
10433;SOLARIS;3;0;1
10434;ZIL;3;0;1
10435;"MOTOO PERFORMANCE";4;0;1
10436;LUO'S;4;0;1
10437;TECHNOX;4;0;1
10438;"ORIGINAL IMPERIUM";4;0;1
10439;3K;4;0;1
10440;FTF;3;0;1
10441;PANAV;4;0;1
10442;"REEVE BURGESS";4;0;1
10443;SCAMMELL;3;0;1
10444;SHIBAURA;3;0;1
10445;UTB;3;0;1
10446;H&R;4;0;1
10447;"DA SILVA";4;0;1
10448;"Auto Parts Europe";4;0;1
10449;KTS;4;0;1
10450;ECOCLIM;4;0;1
10451;DYS;4;0;1
10452;"AC Rolcar";4;0;1
10453;"ADIM PLASTIK";4;0;1
10455;ARMA;4;0;1
10469;GTB;4;0;1
10477;"KALE KELEPCE";4;0;1
10481;MAKO;4;0;1
10486;"OPAS DODUCO";4;0;1
10489;RAPRO;4;0;1
10491;SAHIN;4;0;1
10492;SILA;4;0;1
10493;SKT;4;0;1
10495;SPESSO;4;0;1
10497;TDS;4;0;1
10500;"TEMEL CONTA";4;0;1
10501;NVAR;4;0;1
10507;"FEBI BILSTEIN";4;0;1
10513;OCAP;4;0;1
10520;CRE;4;0;1
10523;EMBO;4;0;1
10533;KARSAN;4;0;1
10534;MASTER;4;0;1
10536;EUROTEC;4;0;1
10537;"VW (SVW)";3;0;1
10538;"HAIMA (FAW)";3;0;1
10539;EUROLUB;4;0;1
10540;CHENGLONG;3;0;1
10541;"INDELDIS KX 7";4;0;1
10542;JMC;3;0;1
10543;PRASCO;4;0;1
10544;HOFFER;4;0;1
10545;MESSMER;4;0;1
10546;HELIX;4;0;1
10547;"MOTAIR TURBOLADER";4;0;1
10548;PININFARINA;3;0;1
10549;LTI;3;0;1
10550;TIANMA;3;0;1
10551;BFMC;4;0;1
10552;TS;4;0;1
10553;"VIGNAL SYSTEMS";4;0;1
10554;KARLAND;4;0;1
10557;"TRW Engine Component";4;0;1
10558;HELLA;4;0;1
10559;ATE;4;0;1
10560;NGK;4;0;1
10561;BILSTEIN;4;0;1
10562;PHILIPS;4;0;1
10563;ScanTech;4;0;1
10564;MERITOR;4;0;1
10565;"BLUE PRINT";4;0;1
10566;"AUTOFREN SEINSA";4;0;1
10567;"BF GERMANY";4;0;1
10568;SIARR;4;0;1
10571;DERWAYS;3;0;1
10572;NAZA;3;0;1
10573;BAW;3;0;1
10574;"DONGFENG (DFM)";3;0;1
10575;"XINCHEN ENGINE (XCE)";3;0;1
10576;"DONGFENG (DFL)";3;0;1
10577;"MWM INTERNATIONAL";3;0;1
10578;BRILLIANCE;3;0;1
10579;saxid;4;0;1
10580;DT;4;0;1
10581;TESLA;4;0;1
10582;VENEPORTE;4;0;1
10583;MASTER-SPORT;4;0;1
10584;MAGNAFLOW;4;0;1
10585;TEAMEC;4;0;1
10586;"IRAN KHODRO (IKCO)";3;0;1
10587;VATOIL;4;0;1
10588;LIFAN;3;0;1
10589;ACL;4;0;1
10590;AMADEOMARTICARBONELL;4;0;1
10591;ARB;4;0;1
10592;"AUTO DELTA";4;0;1
10593;CAUTEX;4;0;1
10594;CEDREG;4;0;1
10595;DAIKIN;4;0;1
10596;DOGA;4;0;1
10597;DYNAMIC;4;0;1
10598;"F. G. WOLF";4;0;1
10599;FAI;4;0;1
10600;"FI. DI.";4;0;1
10601;GIEFFE;4;0;1
10602;GLACIER-VANDERVELL;4;0;1
10603;GMB;4;0;1
10604;"IVOR SEARLE";4;0;1
10605;MB;4;0;1
10606;METALCAUCHO;4;0;1
10607;MOTUL;4;0;1
10608;MOVI;4;0;1
10609;MRT;4;0;1
10610;NB;4;0;1
10611;"PERFECT CIRCLE";4;0;1
10612;PIMAX;4;0;1
10613;RE-CON;4;0;1
10614;RGK;4;0;1
10615;SAMKO;4;0;1
10616;SCHTTLE;4;0;1
10617;TARABUSI;4;0;1
10618;"TOP LAMP";4;0;1
10619;URPA;4;0;1
10620;WD-40;4;0;1
10621;"SCHAEFFLER GRUPPE";4;0;1
10622;CARPRISS;4;0;1
10623;"UNIFLUX FILTERS";4;0;1
10624;BYD;3;0;1
10625;"HYUNDAI (BEIJING)";3;0;1
10626;"BMW (BRILLIANCE)";3;0;1
10627;"FORD (CHANGAN)";3;0;1
10628;"HONDA (DONGFENG)";3;0;1
10629;"KIA (DYK)";3;0;1
10630;"HYUNDAI (HUATAI)";3;0;1
10631;"HONDA (GAC)";3;0;1
10632;"TOYOTA (GAC)";3;0;1
10633;"FIAT (NANJING)";3;0;1
10634;"NAC IVECO (NAVECO)";3;0;1
10635;"MG (NANJING)";3;0;1
10636;"SAIC MOTOR";3;0;1
10637;"SHANGHAI HUIZHONG";4;0;1
10638;"BUICK (SGM)";3;0;1
10639;"TOYOTA (FAW)";3;0;1
10640;"MAZDA (FAW)";3;0;1
10641;QINGLING;3;0;1
10642;"WULING (SGMW)";3;0;1
10643;"NISSAN (DONGFENG)";3;0;1
10644;"BEIJING BENZ (BBDC)";3;0;1
10645;"SUZUKI (CHANGAN)";3;0;1
10646;ECOFIX;4;0;1
10647;ERKURT;4;0;1
10648;TONGYANG;4;0;1
10649;GGT;4;0;1
10650;TYC;4;0;1
10651;TI;4;0;1
10652;"HERZOG GERMANY";4;0;1
10653;MPM;4;0;1
10654;"DONGFENG XIAOKANG";4;0;1
10655;SOYAT;3;0;1
10656;"POLARSUN AUTOMOBILE";3;0;1
10657;"SAIC HUIZHONG";3;0;1
10658;SHUANGHUAN;3;0;1
10659;"TIANQI MEIYA AUTO";4;0;1
10660;"GOLDEN DRAGON";4;0;1
10661;"UFO (FEIDI)";4;0;1
10662;ZOTYE;3;0;1
10663;GOMET;4;0;1
10664;FALGA;4;0;1
10665;ERT;4;0;1
10666;DEPA;4;0;1
10667;CAMPRO;4;0;1
10668;GSP;4;0;1
10669;"ACI - AVESA";4;0;1
10670;SONNAK;4;0;1
10671;CENTRA;4;0;1
10672;"BOSCH DIAGNOSTICS";4;0;1
10673;"CROSLAND FILTERS";4;0;1
10674;"OPEN PARTS";4;0;1
10675;AQUAPLUS;4;0;1
10676;FRENKIT;4;0;1
10677;"TURBO' S HOET";4;0;1
10678;LEBRERO;4;0;1
10679;DIGMA;4;0;1
10680;"DITCH WITCH";3;0;1
10681;DONGWOO;4;0;1
10682;ELOFIC;4;0;1
10683;ANGLI;4;0;1
10684;FARMALL;3;0;1
10685;"FIL FILTER";4;0;1
10686;GEHL;3;0;1
10687;"GIF FILTER";4;0;1
10688;XINKAI;4;0;1
10689;"MEYER MOTOREN";4;0;1
10690;"GOETZE ENGINE";4;0;1
10691;THULE;4;0;1
10692;BAIYUN;4;0;1
10693;WANFENG;4;0;1
10694;JIANGHAN;4;0;1
10695;YUEJIN;4;0;1
10696;YUNQUE;4;0;1
10697;GUIZHOU;3;0;1
10698;GAC;3;0;1
10699;"KLAXCAR FRANCE";4;0;1
10700;"SOLID AUTO (UK)";4;0;1
10701;"SUZUKI (CHANGHE)";3;0;1
10702;AUX;3;0;1
10703;ADR;4;0;1
10704;"ROEWE (SAIC)";3;0;1
10705;JAEGER;4;0;1
10706;MOTORAD;4;0;1
10707;GLYSANTIN;4;0;1
10708;SUPLEX;4;0;1
10709;CEVAM;4;0;1
10710;"RENAULT SAMSUNG";3;0;1
10711;"ANVIS France";4;0;1
10712;"BOSCH AMAZON";4;0;1
10713;JANMOR;4;0;1
10714;EUROL;4;0;1
10715;LASO;4;0;1
10716;EXEDY;4;0;1
10717;ROC;4;0;1
10718;KME;4;0;1
10719;LUBERFINER;4;0;1
10720;RTS;4;0;1
10721;MAXGEAR;4;0;1
10722;FRAS-LE;4;0;1
10723;CAUTEX;4;0;1
10724;"BM CATALYSTS";4;0;1
10725;"FIRST LINE";4;0;1
10726;SNRA;4;0;1
10727;AD;4;0;1
10728;COMMA;4;0;1
10729;EUROCABLE;4;0;1
10730;"ATL Autotechnik";4;0;1
10731;"DJ AUTO";4;0;1
10732;RICAMBIFLEX;4;0;1
10733;TECNOFLEX;4;0;1
10734;FREMAX;4;0;1
10735;SEBRO;4;0;1
10736;MOTORAD;4;0;1
10737;GUARNIT;4;0;1
10738;IJS;4;0;1
10739;SONAX;4;0;1
10740;FERMIT;4;0;1
10741;DAFMI;4;0;1
10742;"PERFECT CIRCLE";4;0;1
10743;ANCO;4;0;1
10744;COMLINE;4;0;1
10745;AHE;4;0;1
10746;ROCKINGER;4;0;1
10747;JOST;4;0;1
10748;REGENSBURGER;4;0;1
10749;RINGFEDER;4;0;1
10750;TINNEMANS;4;0;1
10751;"HATZ DIESEL";3;0;1
10752;"LUCAS DIESEL";4;0;1
10753;"LUCAS ENGINE DRIVE";4;0;1
10754;HC-PARTS;4;0;1
10755;MONOFLEX;4;0;1
10756;HEXEN;4;0;1
10757;WAT;4;0;1
10758;SERCORE;4;0;1
10759;"DE JONGHE AUTOPARTS";4;0;1
10760;"APPROVED GREEN";4;0;1
10761;THEUWISSEN;4;0;1
10762;"LEO DE GROOT";4;0;1
10763;STATIM;4;0;1
10764;DETA;4;0;1
10765;"EQUAL QUALITY";4;0;1
10766;MOTUL;4;0;1
10767;"COOPERSFIAAM FILTERS";4;0;1
10768;STOP;4;0;1
10769;EUROPESTAR;3;0;1
10770;MOTAQUIP;4;0;1
10771;"SIGNATURE SERIES";4;0;1
10772;RUNSTOP;4;0;1
10773;NPS;4;0;1
10774;FISPA;4;0;1
10775;SHUGUANG;3;0;1
10776;"DAIHATSU (FAW)";3;0;1
10777;ASHUKI;4;0;1
10778;HSV;3;0;1
10779;FERQUI;3;0;1
10780;ENERGIZER;4;0;1
10781;KLARIUS;4;0;1
10782;SK;4;0;1
10783;PILKINGTON;4;0;1
10784;PLAXTON;3;0;1
10785;DMB;3;0;1
10786;RELY;3;0;1
10787;RIICH;3;0;1
10788;KARRY;3;0;1
10789;AUTOPARCT;4;0;1
10790;AUTOTECH;4;0;1
10791;LASO;4;0;1
10792;RPK;4;0;1
10793;"AB COMPONENTS";4;0;1
10794;BRECAV;4;0;1
10795;"BMC Air Filter";4;0;1
10796;THULE;4;0;1
10797;BRINK;4;0;1
10798;C-EL;4;0;1
10799;FPV;3;0;1
10800;TSN;4;0;1
10801;"IPS Parts";4;0;1
10802;"MAXUS (SAIC MOTOR)";3;0;1
10803;DRI;4;0;1
10804;SERCA;4;0;1
10805;TALOSA;4;0;1
10806;CECAUTO;4;0;1
10807;TEKNOROT;4;0;1
10808;IR;4;0;1
10809;MAFIX;4;0;1
10810;FRENZAR;4;0;1
10811;"NUOVA TECNODELTA";4;0;1
10812;WOLF;4;0;1
10813;VAPSINT;4;0;1
10814;VEMA;4;0;1
10815;"LEADER PARTS";4;0;1
10816;METALFREN;4;0;1
10817;TEHAG;4;0;1
10818;SOFIMA;4;0;1
10819;EMINOX;4;0;1
10823;VITKUS;4;0;1
10827;PURITECH;4;0;1
10829;BOSCH;4;0;1
10830;TESLA;3;0;1
10831;RAVENOL;4;0;1
10832;MFILTER;4;0;1
10833;APEX;4;0;1
10834;"EMGRAND (GEELY)";4;0;1
10835;"HARO EP";4;0;1
10838;UNION;4;0;1
10840;OJD;4;0;1
10842;BRINK;4;0;1
10844;VIPIEMME;4;0;1
10846;"CS Germany";4;0;1
10847;WOLF;4;0;1
10848;Repco;4;0;1
10849;SUPERCHEAP;4;0;1
10850;AUTOBARN;4;0;1
10851;BURSON;4;0;1
10852;"AUTO ONE";4;0;1
10853;"EURO CAR PARTS";4;0;1
10854;LINTREX;4;0;1
10855;IMPARTS;4;0;1
10856;"HSY Autoparts";4;0;1
10857;"Sydney Wide";4;0;1
10858;"JOHNSON CONTROLS";4;0;1
10859;DNMEZ;4;0;1
10860;"KALE OTO RADYATR";4;0;1
10861;MAPA;4;0;1
10862;DITAS;4;0;1
10863;OEMparts;4;0;1
10864;SAMI;4;0;1
10865;CABOR;4;0;1
10866;GALFER;4;0;1
10867;PANHARD;3;0;1
10868;FRAP;4;0;1
10869;"MONT BLANC";4;0;1
10870;"AUTO AIR GLOUCESTER";4;0;1
10871;BERNHARDT;4;0;1
10872;BURKERT;4;0;1
10873;"AGC Karosserie";4;0;1
10874;ALBRECHT;4;0;1
10875;APA;4;0;1
10876;ASATEX;4;0;1
10877;ATERA;4;0;1
10878;BALO;4;0;1
10879;BANNER;4;0;1
10880;BEISSBARTH;4;0;1
10881;CARCAT;4;0;1
10882;DANA;4;0;1
10883;deb;4;0;1
10884;"Dr.O.K.Wack Chemie";4;0;1
10885;"FP DIESEL";4;0;1
10886;FRIMATEC;4;0;1
10887;FUCHS;4;0;1
10888;HOLTS;4;0;1
10889;INTERVALVES;4;0;1
10890;IWIS;4;0;1
10891;LASO;4;0;1
10892;LEINA;4;0;1
10893;MAWEK;4;0;1
10894;MECDIESEL;4;0;1
10895;MIBA;4;0;1
10896;OMP;4;0;1
10897;PLANAM;4;0;1
10898;RACIMEX;4;0;1
10899;RETEC;4;0;1
10900;RUD;4;0;1
10901;SCHMACK;4;0;1
10902;SCHTTLE;4;0;1
10903;"SIEMENS VDO";4;0;1
10904;SINAMOTIVE;4;0;1
10905;SONAX;4;0;1
10906;SPX;4;0;1
10907;TEGA;4;0;1
10908;TRIFA;4;0;1
10909;WD-40;4;0;1
10910;CARAMBA;4;0;1
10911;BGA;4;0;1
10912;ALANKO;4;0;1
10913;KLITECH;4;0;1
10914;JAPKO;4;0;1
10915;FINWHALE;4;0;1
10916;ClimAir;4;0;1
10917;CASCO;4;0;1
10918;DIVINOL;4;0;1
10919;FRENTEC;4;0;1
10920;BASF;4;0;1
10921;DUPONT;4;0;1
10922;"EXXON MOBILE";4;0;1
10923;HENKEL;4;0;1
10924;"JESSE LAI Inc.";4;0;1
10925;"MS (Borg Warner)";4;0;1
10926;"MS (Koblenschmidt)";4;0;1
10927;"MS (Motor Service)";4;0;1
10928;"Ningbo Shanglong";4;0;1
10929;XINYI;4;0;1
10930;NARVA;4;0;1
10931;"AP Automotive Prod.";4;0;1
10932;AGIP;4;0;1
10933;COBUS;4;0;1
10934;HITEC;4;0;1
10935;MP;4;0;1
10940;"BGN Parts";4;0;1
10941;EEC;4;0;1
10945;TAZZARI;4;0;1
10946;ELITE;4;0;1
10948;"MULLER FILTER";4;0;1
10949;AKRON;4;0;1
10950;"RCA FRANCE";4;0;1
10951;LOHR;3;0;1
10952;TRUCKTECHNIC;4;0;1
10953;BRISK;4;0;1
10954;COJALI;4;0;1
10955;VANLEO;4;0;1
10956;TOTAL;4;0;1
10957;CX;4;0;1
10958;RING;4;0;1
10959;MA-PA;4;0;1
10960;"ISLER PRES";4;0;1
10961;"KALE OTO RADYATR";4;0;1
10962;"OTO CONTA";4;0;1
10963;"GB KAUCUK";4;0;1
10964;KAPIMSAN;4;0;1
10965;"RIW OTOMOTIV";4;0;1
10966;CAVO;4;0;1
10967;DIPAR;4;0;1
10968;DITAS;4;0;1
10969;"IBRAS KAUCUK";4;0;1
10970;"ORJIN AUTOMOTIVE";4;0;1
10971;"ROYAL CONTA";4;0;1
10972;SISMAK;4;0;1
10973;AKBAY;4;0;1
10974;"DESPA GAS SPRINGS";4;0;1
10975;HEMA;4;0;1
10976;REN-OR;4;0;1
10977;YENMAK;4;0;1
10978;ERAYNA;4;0;1
10979;"MITA KALIP";4;0;1
10980;SUPSAN;4;0;1
10981;GENMOT;4;0;1
10982;FARBA;4;0;1
10983;U.S.O;4;0;1
10984;SKT;4;0;1
10985;MASTER;4;0;1
10986;AYFAR;4;0;1
10987;PLEKSAN;4;0;1
10988;ALFA;4;0;1
10989;"DOGRU KAUCUK";4;0;1
10990;PLASTIKAP;4;0;1
10991;BESER;4;0;1
10992;"ART RULMAN";4;0;1
10993;URB;4;0;1
10994;KRS;4;0;1
10995;MTK;4;0;1
10996;MGM;4;0;1
10997;ARTEGA;3;0;1
10998;KENTPAR;4;0;1
10999;DR;3;0;1
11000;GRUAU;3;0;1
11001;FUELPARTS;4;0;1
11002;"A.I.C. Competition";4;0;1
11003;ICML;3;0;1
11004;"iQ Power";4;0;1
11005;ABE;4;0;1
11006;"Magnum Technology";4;0;1
11007;"KM Germany";4;0;1
11009;"Standart Yay";4;0;1
11010;THINK;4;0;1
11011;C.I.;4;0;1
11012;"VAN HERRED";4;0;1
11013;MTU;3;0;1
11014;COLDAX;4;0;1
11015;ROWE;4;0;1
11016;IGAT;4;0;1
11018;MOBIL;4;0;1
11019;"MERCEDES-BENZ (FJDA)";3;0;1
11020;DOOSAN;3;0;1
11021;AG;4;0;1
11022;GS;4;0;1
11023;ANADOL;3;0;1
11024;"CHEVROLET (SGM)";3;0;1
11025;"CADILLAC (SGM)";3;0;1
11026;"SGM SAAB";3;0;1
11027;"SKODA (SVW )";3;0;1
11028;"PEUGEOT (DF-PSA)";3;0;1
11029;"MAZDA (CHANGAN)";3;0;1
11030;"VOLVO (CHANGAN)";3;0;1
11031;AIKO;4;0;1
11032;ATESO;4;0;1
11033;"KV INTERNATIONAL";4;0;1
11034;MSA;4;0;1
11035;SABO;4;0;1
11036;TERPECK;4;0;1
11037;TRP;4;0;1
11038;ARVIN;4;0;1
11039;CATCO;4;0;1
11040;DANSK;4;0;1
11041;FABRISCAPE;4;0;1
11042;IZAWIT;4;0;1
11043;MTA;4;0;1
11044;MICHELIN;4;0;1
11045;GOODYEAR;4;0;1
11046;"MARUTI SUZUKI";3;0;1
11047;BSG;4;0;1
11048;MAZ-MAN;3;0;1
11049;UNIPART;4;0;1
11050;"Premier Core";4;0;1
11051;"MAHINDRA RENAULT";3;0;1
11052;REVA;3;0;1
11053;"MITSUBISHI (BJC)";4;0;1
11054;BEWEKO;4;0;1
11055;KING;4;0;1
11056;KAISHIN;4;0;1
11057;"KM International";4;0;1
11058;CALIBER;4;0;1
11059;AUTOTEAM;4;0;1
11060;HAWTAI;3;0;1
11061;WKTORY;4;0;1
11062;THERMOTEC;4;0;1
11063;"FORTUNE LINE";4;0;1
11064;YAMATO;4;0;1
11065;NOVAK;4;0;1
11066;MISFAT;4;0;1
11067;FRIXA;4;0;1
11068;SEKURIT;4;0;1
11069;UEBLER;4;0;1
11070;KAMEI;4;0;1
11071;KRONPRINZ;4;0;1
11072;HAZET;4;0;1
11074;REMUS;4;0;1
11075;RENSI;4;0;1
11076;SCHNEK;4;0;1
11077;CARBOX;4;0;1
11078;"BREN BATTERIE";4;0;1
11083;STARMANN;4;0;1
11086;HAMA;4;0;1
11087;"PMA TOOLS";4;0;1
11088;SIKA;4;0;1
11089;SEBRING;4;0;1
11091;AUGER;4;0;1
11092;LAUBER;4;0;1
11093;WEEN;4;0;1
11094;JURATEK;4;0;1
11095;WAGNER;4;0;1
11096;FOSTER;4;0;1
11097;alca;4;0;1
11098;LUCAS;4;0;1
11099;SAUER-WERKZEUG;4;0;1
11100;AINDE;4;0;1
11101;PHIRA;4;0;1
11102;CLIMBO-ELECTROAUTO;4;0;1
11103;KOCK-PARTS.NL;4;0;1
11104;CLEVITE;4;0;1
11105;SenCom;4;0;1
11106;DFPR;4;0;1
11107;XXLMARMITTEITALIANE;4;0;1
11108;FAW;3;0;1
11109;WALSER;4;0;1
11110;"ET ENGINETEAM";4;0;1
11111;AUTOHAUS;4;0;1
11112;"ATLAS AUTO";4;0;1
11113;BANNER;4;0;1
11114;CO.R.A.;4;0;1
11115;"DJ PARTS";4;0;1
11116;EFFEDI;3;0;1
11117;PROTECHNIC;4;0;1
11118;UD;3;0;1
11119;AIRTECH;4;0;1
11120;KOSHIMO;4;0;1
11121;HIDRIA;4;0;1
11122;"ABA RULMAN";4;0;1
11123;NOBLE;4;0;1
11124;FEUVERT;4;0;1
11125;ODLEWY;4;0;1
11126;"AD KHNER";4;0;1
11127;VASCO;4;0;1
11128;"4WD DANMARK";4;0;1
11129;D&D;4;0;1
11130;MATRA;4;0;1
11131;ACEMARK;4;0;1
11132;amk;4;0;1
11133;MUBEA;4;0;1
11134;LINEX;4;0;1
11135;VACS;4;0;1
11136;"WATSON & CHALIN";3;0;1
11137;"REYCO GRANNING";4;0;1
11138;RANDON;4;0;1
11139;"GROS OTOMOTIV";4;0;1
11140;BSF;4;0;1
11141;CHASE;4;0;1
11142;DAICO;4;0;1
11143;"MERCEDES-BENZ (BBDC)";3;0;1
11144;"CHRYSLER (BBDC)";3;0;1
11145;"JEEP (BBDC)";4;0;1
11146;"MITSUBISHI (BBDC)";3;0;1
11147;"JEEP (BAW)";3;0;1
11148;"CHEVROLET (SGMW)";3;0;1
11149;EFFA;3;0;1
11150;PENTOSIN;4;0;1
11151;PRIMA;4;0;1
11152;PowerMax;4;0;1
11153;"FORD (JMC)";3;0;1
11154;SOUEAST;3;0;1
11155;"MITSUBISHI (SOUEAST)";3;0;1
11156;DONGFENG;3;0;1
11157;CAMPRO;4;0;1
11158;"LOTUS (YOUNGMAN)";4;0;1
11159;SAINT-GOBAIN;4;0;1
11160;"KRAFT AUTOMOTIVE";4;0;1
11161;SAKURA;4;0;1
11162;"LIPE CLUTCH";4;0;1
11163;"BERU / NITION";4;0;1
11164;A.B.S.;4;0;1
11165;"3Effe Group";4;0;1
11166;Protec;4;0;1
11167;"Power Springs";4;0;1
11168;BLIC;4;0;1
11169;ATE;4;0;1
11170;PATRON;4;0;1
11171;MECARM;4;0;1
11172;VDO;4;0;1
11173;WESTLAKE;4;0;1
11174;INOKOM;3;0;1
11175;CHAMONIX;4;0;1
11176;LOBINI;4;0;1
11177;TAC;3;0;1
11178;TROLLER;3;0;1
11179;CTEK;4;0;1
11180;CONTITECH;4;0;1
11181;STARTOL;4;0;1
11182;EATON;4;0;1
11183;KW;4;0;1
11184;ALLGAIER;4;0;1
11185;BUCHER;4;0;1
11186;RAM;3;0;1
11187;"MAYSAN MANDO";4;0;1
11188;RANCHO;4;0;1
11189;"PEX AUTOMOTIVE";4;0;1
11190;"MAURICE LECOY";4;0;1
11191;DHC;4;0;1
11192;ROSTAR;4;0;1
11193;WORKHORSE;3;0;1
11194;"GLEAGLE (GEELY)";4;0;1
11195;TEVEMA;4;0;1
11196;ASAM;4;0;1
11197;"NGH Autotechnik";4;0;1
11198;"AGCO SISU POWER";3;0;1
11199;"BRT Bearings";4;0;1
11200;"Automotive Bearings";4;0;1
11201;"ENGLON (GEELY)";4;0;1
11202;ROMBAT;4;0;1
11203;REFLEX&ALLEN;4;0;1
11204;SPJ;4;0;1
11205;"CARRAB BRAKE PARTS";4;0;1
11206;ZF;3;0;1
11207;K27;4;0;1
11208;menbaa;4;0;1
11209;DOGA;4;0;1
11210;JAMEX;4;0;1
11211;RKS;4;0;1
11212;"Han Herreds";4;0;1
11213;KINGSTAR;4;0;1
11214;"HIRSCH KFZ-TEILE";4;0;1
11215;"BAP FIXUS";4;0;1
11216;CODA;4;0;1
11217;s-Tec;4;0;1
11218;SANDO;4;0;1
11219;TEDGUM;4;0;1
11220;"CRAFT BEARINGS";4;0;1
11221;STELLOX;4;0;1
11222;SAFA;4;0;1
11223;XADO;4;0;1
11224;3RG;4;0;1
11225;SHERIFF;4;0;1
11226;BHARATBENZ;4;0;1
11227;LYNXauto;4;0;1
11228;DYNAC;4;0;1
11229;LANDPORT;4;0;1
11230;"ELECTRIC LIFE";4;0;1
11231;CASALS;4;0;1
11232;"KAPPA OIL";4;0;1
11233;NAGARES;4;0;1
11234;SHAFTEC;4;0;1
11235;FISKER;4;0;1
11236;WEITEC;4;0;1
11237;"PYEONGHWA (PMC)";3;0;1
11238;FUSO;3;0;1
11239;LUXGEN;3;0;1
11240;ROTA;4;0;1
11241;"BEGEL Germany";4;0;1
11242;"FEDERAL MOGUL";4;0;1
11243;GE;4;0;1
11244;DEEZA;4;0;1
11245;"SEM LASTIK";4;0;1
11246;CARIX;4;0;1
11247;VDL;3;0;1
11248;BOSCH;4;0;1
11249;VPG;4;0;1
11250;EASYPARTS;4;0;1
11251;LEMA;4;0;1
11252;UNIPOINT;4;0;1
11253;MANN-FILTER;4;0;1
11254;MSG;4;0;1
11255;SAMPA;4;0;1
11256;ARTEC;4;0;1
11257;LBRO;4;0;1
11258;"FIAT (GAC)";3;0;1
11259;"BESTURN (FAW)";4;0;1
11260;URALAZ;3;0;1
11261;"BAOJUN (SGMW)";3;0;1
11262;BEHR_;4;0;1
11263;"BEHR SERVICE";4;0;1
11264;WAIglobal;4;0;1
11265;ATI;4;0;1
11266;B-Line;4;0;1
11267;C.A.M;4;0;1
11268;FODAY;3;0;1
11269;CMC;3;0;1
11270;BAIC;4;0;1
11271;"SAKURA Automotive";4;0;1
11272;ASVA;4;0;1
11273;AKITAKA;4;0;1
11274;AKYOTO;4;0;1
11275;SPICER;4;0;1
11276;VICTOR;4;0;1
11277;"LUCAS TVS";4;0;1
11278;"QH Talbros";4;0;1
11279;GABRIEL;4;0;1
11280;MAHLE;4;0;1
11281;HALDEX;4;0;1
11282;BEHR;4;0;1
11283;VALEO;4;0;1
11284;BOSCH;4;0;1
11285;GOETZE;4;0;1
11286;GLYCO;4;0;1
11287;FERODO;4;0;1
11288;HELLA;4;0;1
11289;MANN-FILTER;4;0;1
11290;"PERFECT CIRCLE";4;0;1
11291;MASTRETTA;4;0;1
11292;DEUTSCH;4;0;1
11293;YCACO;3;0;1
11294;VALX;3;0;1
11295;GRANTEX;4;0;1
11296;VENUCIA;4;0;1
11297;AUTOKIT;4;0;1
11298;PEMEBLA;4;0;1
11299;ODM-MULTIPARTS;4;0;1
11300;ACR;4;0;1
11301;LAZ;4;0;1
11302;"KING LONG";3;0;1
11303;VISEON;3;0;1
11304;"PROCODIS FRANCE";4;0;1
11305;AUTOCLIMA;4;0;1
11306;FPT;3;0;1
11307;LORO;4;0;1
11308;"MABY PARTS";4;0;1
11309;"IVECO MAGIRUS";3;0;1
11310;EFFEBI;4;0;1
11311;REPKIT;4;0;1
11312;MOVIS;4;0;1
11313;WEICHAI;3;0;1
11314;YUCHAI;3;0;1
11315;YANGCHAI;4;0;1
11316;YAGMUR;4;0;1
11317;PASQUALI;3;0;1
11318;FERRARI;3;0;1
11319;CARON;4;0;1
11320;CHALLENGER;3;0;1
11321;SONALIKA;4;0;1
11322;"ANTONIO CARRARO";3;0;1
11323;SOLIS;4;0;1
11324;"DONGFENG (DFAM)";4;0;1
11325;DURSO;4;0;1
11326;ARMATRAC;3;0;1
11327;"BM TRACTORS";3;0;1
11328;"BRANSON TRACTORS";4;0;1
11329;DIECI;3;0;1
11330;KIOTI;3;0;1
11331;MERLO;3;0;1
11332;"KUKJE MACHINERY";3;0;1
11333;AWM;4;0;1
11334;"MITSUBISHI (GAC)";3;0;1
11335;"MG (SAIC)";3;0;1
11336;QOROS;3;0;1
11337;HUF;4;0;1
11338;EFINI;4;0;1
11339;AUTOZAM;4;0;1
11340;GOODWILL;4;0;1
11341;Metalcaucho;4;0;1
11342;S.Y.L;4;0;1
11343;"MAHLE ORIGINAL";4;0;1
11344;"OPTIMAL GERMANY";4;0;1
11345;SHAANXI;3;0;1
11346;"FAW JIEFANG";4;0;1
11347;CARRIER;4;0;1
11348;"POONG SUNG";4;0;1
11349;EMAC;4;0;1
11350;STC;4;0;1
11351;ABARTH;3;0;1
11352;"SINOTRUK (CNHTC)";3;0;1
11353;CARLUBE;4;0;1
11354;ECOPADS;4;0;1
11355;SERVOTEC;4;0;1
11356;BERGKRAFT;4;0;1
11357;NEOLUXÆ;4;0;1
11358;CARTECHNIC;4;0;1
11359;VPM;4;0;1
11360;FEBEST;4;0;1
11361;AUSA;3;0;1
11362;STARLINE;4;0;1
11363;ROTINGER;4;0;1
11364;"METAL LEVE";4;0;1
11365;CAFFARO;4;0;1
11366;SPILU;4;0;1
11367;NiBK;4;0;1
11368;OSSCA;4;0;1
11369;DAEDONG;3;0;1
11370;AXIOS;4;0;1
11371;VARGA;4;0;1
11372;PROFIT;4;0;1
11373;NordGlass;4;0;1
11374;AUTOGAMMA;4;0;1
11375;"JC PREMIUM";4;0;1
11376;PASCAL;4;0;1
11377;KANACO;4;0;1
11378;YAZUKA;4;0;1
11379;BTA;4;0;1
11380;NEXUS;4;0;1
11381;CARGOPARTS;4;0;1
11382;PACOL;4;0;1
11383;PNEUMATICS;4;0;1
11384;S-TR;4;0;1
11385;SBP;4;0;1
11386;"TRUCK TEQ";4;0;1
11387;TRUCKLIGHT;4;0;1
11388;"BOSS FILTERS";4;0;1
11389;PARTS-MALL;4;0;1
11390;ROTOVIS;4;0;1
11391;MOBILETRON;4;0;1
11392;IKARBUS;3;0;1
11393;NISSHINBO;4;0;1
11394;CONTITECH-BR;4;0;1
11395;LUZAR;4;0;1
11396;RIW;4;0;1
11397;NOGE;4;0;1
11398;"SKF China";4;0;1
11399;"SKF Brazil";4;0;1
11400;"WAHLER Brazil";4;0;1
11401;WYNNS;4;0;1
11402;DINITROL;4;0;1
11403;ITN;4;0;1
11404;PFI;4;0;1
11405;ZF;4;0;1
11406;AGROMASH;4;0;1
11407;AGROMEHANIKA;4;0;1
11408;BERGMEISTER;3;0;1
11409;COMECO;4;0;1
11410;"HAIMA (ZHENGZHOU)";3;0;1
11411;"MC CORMICK";3;0;1
11412;BELARUS;3;0;1
11413;"SAFELINE BRAKE PADS";4;0;1
11414;"FIRST TRACTOR";4;0;1
11415;BARGAM;4;0;1
11416;GREGOIRE;3;0;1
11417;UZEL;3;0;1
11418;"SAMPO ROSENLOW";4;0;1
11419;ROGATOR;4;0;1
11420;WEITUO;4;0;1
11421;YTO;4;0;1
11422;TECNOMA;4;0;1
11423;JINMA;3;0;1
11424;LINDNER;3;0;1
11425;HOUSEHAM;4;0;1
11426;"LS TRACTOR";3;0;1
11427;SHIFENG;4;0;1
11428;VERSALITE;3;0;1
11429;XTZ;4;0;1
11430;BARIGELLI;4;0;1
11431;NPR;4;0;1
11432;KRAFTTECH;4;0;1
11433;LIFT-TEK;4;0;1
11434;PMM;4;0;1
11435;MIRAGLIO;4;0;1
11436;"HELLA NUSSBAUM";4;0;1
11437;"MAGNETTI MARELLI-BR";4;0;1
11438;MONROE-BR;4;0;1
11439;ROSTSELMASH;3;0;1
11440;LUZHONG;3;0;1
11441;HESSTON;3;0;1
11442;FARMER;4;0;1
11443;FARMTRAC;4;0;1
11444;"KIROVSKI ZAVOD";4;0;1
11445;RIEMECO;4;0;1
11446;HAGIE;4;0;1
11447;DELVANO;4;0;1
11448;AGRIFAC;4;0;1
11449;FREEMAN;4;0;1
11450;TYM;3;0;1
11451;GLEANER;3;0;1
11452;MACDON;3;0;1
11453;ZANELLO;4;0;1
11454;PAUNY;4;0;1
11455;FMC;3;0;1
11456;MAZZOTTI;4;0;1
11457;MATROT;4;0;1
11458;BASAK;4;0;1
11459;MIA;4;0;1
11460;VOLGOGRAD;4;0;1
11461;ZTS;4;0;1
11462;PRONAR;4;0;1
11463;UMZ;4;0;1
11464;RASANT;4;0;1
11465;HOLMER;3;0;1
11466;HAVAL;4;0;1
11467;CARUELLE;4;0;1
11468;BIZON;4;0;1
11469;ANDORIA;3;0;1
11470;PREET;4;0;1
11471;"ELECTRO AUTO";4;0;1
11472;AL-GHAZI;4;0;1
11473;SWARAJ;4;0;1
11474;TRACOM;4;0;1
11475;HARDI;4;0;1
11476;"ORCHARD (OMC)";4;0;1
11477;CHTZ-URALTRAC;4;0;1
11478;BERTHOUD;4;0;1
11479;WINTERSTEIGER;4;0;1
11480;FARESIN;4;0;1
11481;"ORCHARD RITE";4;0;1
11482;TTZ;4;0;1
11483;T.J.FRAZIER;4;0;1
11484;SAM;3;0;1
11485;"TRK FIAT";3;0;1
11486;CHANGLIN;4;0;1
11487;HKT;4;0;1
11488;"CAN-AM (BRP)";4;0;1
11489;FORMPART;4;0;1
11490;JONWAY;4;0;1
11491;NSK;4;0;1
11492;"PETRONAS LUBRICANTS";4;0;1
11493;UNIGOM;4;0;1
11494;"GAC GONOW";4;0;1
11495;LTM;4;0;1
11496;"DS (CAPSA)";3;0;1
11497;"TREVI AUTOMOTIVE";4;0;1
11498;RYCO;4;0;1
11499;"YEMA AUTO";4;0;1
11500;"HELLA GUTMANN";4;0;1
11501;BEIBEN;3;0;1
11502;"TOP GUN";4;0;1
11503;DAYCO;4;0;1
11504;AUTLOG;4;0;1
11505;DEXWAL;4;0;1
11506;VEGE;4;0;1
11507;SRT;4;0;1
11508;"MRT Engines";4;0;1
11509;BUCHLI;4;0;1
11510;IMEX;4;0;1
11511;FBK;4;0;1
11512;STREETSCOOTER;4;0;1
11513;"PHILIPS Brazil";4;0;1
11514;TITAN;4;0;1
11515;"LPR China";4;0;1
11516;FERRON;4;0;1
11517;"FA KROSNO";4;0;1
11518;LUKOIL;4;0;1
11519;MONROE-CN;4;0;1
11520;RANCHO-CN;4;0;1
11521;WALKER-CN;4;0;1
11522;MONROE-AU;4;0;1
11523;RANCHO-AU;4;0;1
11524;WALKER-AU;4;0;1
11525;MAHA;4;0;1
11526;ZMZ;3;0;1
11527;HOLA;4;0;1
11528;KYB-CN;4;0;1
11529;X-ONE;4;0;1
11530;"ZHINUO (ZINORO)";4;0;1
11531;DENSO-AU;4;0;1
11532;BREMTEC;4;0;1
11533;"BAIC HUANSU";4;0;1
11534;"BAIC YX";4;0;1
11535;PHILIPS-AU;4;0;1
11536;"GT Exhaust";4;0;1
11537;MAXTRAC;4;0;1
11538;MOTORDETAL;4;0;1
11539;AUTOOL;4;0;1
11540;EXEDY-AU;4;0;1
11541;PENNZOIL;4;0;1
11542;"PETRO CANADA";4;0;1
11543;QUAKERSTATE;4;0;1
11544;YAMALUBE;4;0;1
11545;"BUELL MOTORCYCLES";3;0;1
11546;"APRILIA MOTORCYCLES";3;0;1
11547;"BENELLI MOTORCYCLES";3;0;1
11548;"CAGIVA MOTORCYCLES";3;0;1
11549;"DAELIM MOTORCYCLES";3;0;1
11550;"DUCATI MOTORCYCLES";3;0;1
11551;"GILERA MOTORCYCLES";3;0;1
11552;"HARLEY-DAVIDSON MC";3;0;1
11553;"HYOSUNG MOTORCYCLES";4;0;1
11554;"KAWASAKI MOTORCYCLES";3;0;1
11555;"KTM MOTORCYCLES";3;0;1
11556;"KYMCO MOTORCYCLES";4;0;1
11557;"MALAGUTI MOTORCYCLES";3;0;1
11558;"MBK MOTORCYCLES";4;0;1
11559;"MOTO GUZZI MC";3;0;1
11560;"MZ MOTORCYCLES";3;0;1
11561;"SACHS MOTORCYCLES";4;0;1
11562;"SIMSON MOTORCYCLES";4;0;1
11563;"SOLO MOTORCYCLES";4;0;1
11564;"PIAGGIO MOTORCYCLES";3;0;1
11565;"YAMAHA MOTORCYCLES";3;0;1
11566;"VESPA MOTORCYCLES";4;0;1
11567;"KREIDLER MOTORCYCLES";4;0;1
11568;"DERBI MOTORCYCLES";4;0;1
11569;"FANTIC MOTORCYCLES";4;0;1
11570;"ITALJET MOTORCYCLES";3;0;1
11571;"JAWA MOTORCYCLES";3;0;1
11572;"LAVERDA MOTORCYCLES";3;0;1
11573;"MAICO MOTORCYCLES";4;0;1
11574;"MOTO-MORINI MC";4;0;1
11575;"PGO MOTORCYCLES";4;0;1
11576;"SANGLAS MOTORCYCLES";4;0;1
11577;"TORNAX MOTORCYCLES";4;0;1
11578;"BMW MOTORCYCLES";3;0;1
11579;"HONDA MOTORCYCLES";3;0;1
11580;"PEUGEOT MOTORCYCLES";3;0;1
11581;"PUCH MOTORCYCLES";4;0;1
11582;"SUZUKI MOTORCYCLES";3;0;1
11583;"TRIUMPH MOTORCYCLES";3;0;1
11584;"HERCULES MOTORCYCLES";3;0;1
11585;SIVENTO;4;0;1
11586;DENZA;4;0;1
11587;AHWI;4;0;1
11588;CARQUEST;4;0;1
11589;"GERGEN JUNG";4;0;1
11590;GLOGGER;4;0;1
11591;GPPEL;4;0;1
11592;HUMBAUR;4;0;1
11593;IMS;4;0;1
11594;INTERLUBE;4;0;1
11595;KAMAG;4;0;1
11596;KEMPF;3;0;1
11597;MONTRACON;4;0;1
11598;MOXY;3;0;1
11599;PFC;4;0;1
11600;SCHWARZMLLER;3;0;1
11601;SAELCO;4;0;1
11602;"SIMON GLOSTER SARO";4;0;1
11603;TAXO-OBERMAIER;4;0;1
11604;UNIPOWER;4;0;1
11605;ZIKUN;4;0;1
11606;"CASTROL NORDICS";4;0;1
11607;EUROBRAKE;4;0;1
11608;StartVOLT;4;0;1
11609;TRIALLI;4;0;1
11610;MDR;4;0;1
11611;"AVL DITEST";4;0;1
11612;ATH-Heinl;4;0;1
11613;"M SYSTEM";4;0;1
11614;EURO-PAL;4;0;1
11615;Rad-Mark;4;0;1
11616;KEGA;4;0;1
11617;Comunyco;4;0;1
11618;JAB;4;0;1
11619;Snap-On;4;0;1
11620;HOFMANN;4;0;1
11621;"John Bean";4;0;1
11622;CARTEC;4;0;1
11623;SUN;4;0;1
11624;BLACKHAWK;4;0;1
11625;SLIFT;4;0;1
11626;HETRA;4;0;1
11627;ProContour;4;0;1
11628;TEXA;4;0;1
11629;FESTOOL;4;0;1
11630;NORFI;4;0;1
11631;BLITZ;4;0;1
11632;ROTARY;4;0;1
11633;CHIEF;4;0;1
11634;ELEKTRON;4;0;1
11635;LEITENBERGER;4;0;1
11636;"Brain Bee";4;0;1
11637;CAR-O-LINER;4;0;1
11638;SAXON;4;0;1
11639;TachoControl;4;0;1
11640;SHERPA;4;0;1
11641;RAPID;4;0;1
11642;Brovex-Nelson;4;0;1
11643;DEDAX;4;0;1
11644;GHIBAUDI;4;0;1
11645;"AHS PRFTECHNIK";4;0;1
11646;CONSUL;4;0;1
11647;TECFIL;4;0;1
11648;DENNING;4;0;1
11649;RUF;4;0;1
11650;SERA;4;0;1
11651;GATES-AU;4;0;1
11652;DRER;4;0;1
11653;"1A FIRST AUTOMOTIVE";4;0;1
11654;Borsehung;4;0;1
11655;REMY-CN;4;0;1
11656;MW;4;0;1
11657;FONTENAX;3;0;1
11658;BRABUS;3;0;1
11659;BUFORI;4;0;1
11660;KOENIGSEGG;4;0;1
11661;PAGANI;3;0;1
11662;XGMA;3;0;1
11663;FERSA;4;0;1
11664;"VOLVO ASIA";4;0;1
11665;MAGURA;4;0;1
11666;YINGZHI;4;0;1
11667;HC-Cargo;4;0;1
11668;"G+M KAT";4;0;1
11669;QUARO;4;0;1
11670;METEOR;4;0;1
11671;WWA;4;0;1
11672;JMP;4;0;1
11673;HIGER;4;0;1
11674;"CHTC AUTO";4;0;1
11675;"HELLA INDUSTRIES";4;0;1
11676;JINCHENG;4;0;1
11677;JOYLONG;4;0;1
11678;"KAWEI AUTO";4;0;1
11679;KAVZ;4;0;1
11680;PAZ;3;0;1
11681;GolAZ;4;0;1
11682;KAAZ;4;0;1
11683;"LiAZ (RUS)";4;0;1
11684;LLOYD;4;0;1
11685;BENDIX-AU;4;0;1
11686;FORLAND;4;0;1
11687;AIRLINE;4;0;1
11688;YUTONG;4;0;1
11689;MANDIRA;4;0;1
11690;C.F.;4;0;1
11691;RYMEC;4;0;1
11692;ASMETAL;4;0;1
11693;"TURBO MOTOR";4;0;1
11694;"WILMINK GROUP";4;0;1
11695;ASPCK;4;0;1
11696;KOSTAL;4;0;1
11697;LonaFlex;4;0;1
11698;"FARE SA";4;0;1
11699;ATE-BR;4;0;1
11700;VDO-BR;4;0;1
11701;MATCHEDJE;4;0;1
11702;FI.BA;4;0;1
11703;FACAR;4;0;1
11704;HEYNER;4;0;1
11705;IPARLUX;4;0;1
11706;AUTOELECTRO;4;0;1
11707;AS-PL;4;0;1
11708;"INFINITI (Dongfeng)";4;0;1
11709;G.U.D;4;0;1
11710;AYD;4;0;1
11711;COWIN;4;0;1
11712;TOBE;4;0;1
11713;DEFA;4;0;1
11714;"Neste Oil";4;0;1
11715;"PZL SEDZISZOW";4;0;1
11716;MICROCAR;3;0;1
11717;SICCOM;4;0;1
11718;ASTER;4;0;1
11719;FASTY;4;0;1
11720;ZERO;4;0;1
11721;ASIMCO;4;0;1
11722;"LIFT SYSTEM";4;0;1
11723;AKSAN;4;0;1
11724;LuK-BR;4;0;1
11725;Ina-BR;4;0;1
11726;FAG-BR;4;0;1
11727;Ruville-BR;4;0;1
11728;LML;4;0;1
11729;DOBINSONS;4;0;1
11730;"OPTICAT TEST";4;0;1
11731;"IJS GROUP";4;0;1
11732;ISOTECH;4;0;1
11733;"HASTINGS PISTON RING";4;0;1
11734;ARAL;4;0;1
11735;"AGRALE MOTORCYCLES";4;0;1
11736;"BRANDY MOTORCYCLES";4;0;1
11737;"DAFRA MOTORS MOTORCY";4;0;1
11738;"HUSQVARNA MOTORCYCLE";3;0;1
11739;"KASINSKI MOTORCYCLES";4;0;1
11740;"MV AGUSTA MOTORCYCLE";3;0;1
11741;"TRAXX MOTORCYCLES";4;0;1
11742;"SYM MOTORCYCLES";4;0;1
11743;Forcetech;4;0;1
11744;DONALDSON;4;0;1
11745;"RED LINE";4;0;1
11746;STOPTECH;4;0;1
11748;BREMSI;4;0;1
11749;WINNARD;4;0;1
11750;POLMO;4;0;1
11751;TiBAO;4;0;1
11752;HUASONG;4;0;1
11753;"VICTORY AUTO";3;0;1
11754;"FQT MOTOR";4;0;1
11755;HUANGHAI;4;0;1
11756;ENRANGER;3;0;1
11757;SAMSUNG;3;0;1
11758;URBA;4;0;1
11759;BROSOL;4;0;1
11760;GATES-CN;4;0;1
11761;"DONGFENG FENGDU";4;0;1
11762;KAMA;4;0;1
11763;"BAIC WEIWANG";4;0;1
11764;DAYUN;4;0;1
11765;HENGTONG;4;0;1
11766;DFSK;4;0;1
11767;"KEY PARTS";4;0;1
11768;"CTE EUROPE";4;0;1
11769;DYNAMAX;4;0;1
11770;SHACMAN;4;0;1
11771;EUROSTAR;4;0;1
11772;DIPASPORT;4;0;1
11773;XCMG;4;0;1
11774;NDY;4;0;1
11775;SHENYE;4;0;1
11776;JINGGONG;4;0;1
11777;"SAIC-IVECO HONGYAN";4;0;1
11778;ASIASTAR;3;0;1
11779;"LAND ROVER (CHERY)";3;0;1
11780;"SUPRA BEARINGS";4;0;1
11781;Westfalia_Kits;4;0;1
11782;"turbo by intec";4;0;1
11783;"EBC BRAKES";4;0;1
11784;"HUSABERG MOTORCYCLES";4;0;1
11785;"ECM MOTORCYCLES";4;0;1
11786;"GASGAS MOTORCYCLES";3;0;1
11787;"REX MOTORCYCLES";4;0;1
11788;MAXXFORCE;4;0;1
11789;TAGAZ;4;0;1
11790;OTOYOL;4;0;1
11791;VOLGABUS;4;0;1
11792;MUDANAUTO;3;0;1
11793;SHUCHI;4;0;1
11794;"SHAOLIN AUTO";3;0;1
11795;MARCOPOLO;3;0;1
30000;ADRIAUTO;4;0;1
30001;ADVICS;4;0;1
30002;AGA;4;0;1
30003;AGC;4;0;1
30004;AIRCRAFT;4;0;1
30005;AJS;4;0;1
30006;ALASKA;4;0;1
30007;ALGO;4;0;1
30008;ALKO;4;0;1
30009;AMP;4;0;1
30010;ASM;4;0;1
30011;ATHENA;4;0;1
30012;AUTOLINE;4;0;1
30013;AUTOX;4;0;1
30014;"BAT PARTS";4;0;1
30015;BCGUMA;4;0;1
30016;BESF1T;4;0;1
30017;BIZOL;4;0;1
30018;"British Petroleum";4;0;1
30019;CARGO;4;0;1
30020;CAROL;4;0;1
30021;CEI;4;0;1
30022;COVIND;4;0;1
30023;DEDG;4;0;1
30024;DELSA;4;0;1
30025;DID;4;0;1
30026;DOKUJI;4;0;1
30027;DONGIL;4;0;1
30028;DREAMTIME;4;0;1
30029;DYF;4;0;1
30030;DYG;4;0;1
30031;EAGLEYE;4;0;1
30032;EGT;4;0;1
30033;EIKO;4;0;1
30034;ELF;4;0;1
30035;EMGO;4;0;1
30036;EP;4;0;1
30037;ETP;4;0;1
30038;ETS;4;0;1
30039;FARGOMED;4;0;1
30040;FEBPARTS;4;0;1
30041;FELIX;4;0;1
30042;FERDUS;4;0;1
30043;FIAMM;4;0;1
30044;FISCHER;4;0;1
30045;FKG;4;0;1
30046;"FORD LKW";4;0;1
30047;"FORTUNA LINE";4;0;1
30048;FRIG;4;0;1
30049;"GENERAL ELECTRIC";4;0;1
30050;GEPARTS;4;0;1
30051;GMP;4;0;1
30052;"GMP LIGHT";4;0;1
30053;GRANT;4;0;1
30054;GYS;4;0;1
30055;"HANS PRIES";4;0;1
30056;HART;4;0;1
30057;HC;4;0;1
30058;HIFLO;4;0;1
30059;HIPOL;4;0;1
30060;HPX;4;0;1
30061;HSB;4;0;1
30063;ILJIN;4;0;1
30064;INTELLI;4;0;1
30065;INZI;4;0;1
30066;JAPAN;4;0;1
30067;JP;4;0;1
30068;"JT MOTO";4;0;1
30069;JTC;4;0;1
30070;"Jurgen Liebisch";4;0;1
30071;KBC;4;0;1
30072;K-Flex;4;0;1
30073;KOREA;4;0;1
30074;KOYORAD;4;0;1
30075;KSM;4;0;1
30076;LAMDA;4;0;1
30077;LONGHO;4;0;1
30078;LOVBY;4;56;1
30079;"LP BATTERY";4;0;1
30080;"LS GERMANY";4;0;1
30081;LUXOIL;4;0;1
30082;MAGGI;4;0;1
30083;MALCORP;4;0;1
30084;MALEX;4;0;1
30085;MAX;4;0;1
30086;MCB;4;0;1
30087;METGUM;4;0;1
30088;MICRO;4;0;1
30089;MIKALOR;4;0;1
30090;MIKODA;4;0;1
30091;MOBIS;4;0;1
30092;MOBO;4;0;1
30093;MoPart;4;0;1
30094;MORSE;4;0;1
30095;MR;4;0;1
30096;MRK;4;0;1
30097;MUSASHI;4;0;1
30098;MX;4;458;1
30100;NCOSP;4;0;1
30101;"NEW LABEL";4;0;1
30102;NEWSUN;4;0;1
30103;NKK;4;0;1
30104;OBK;4;0;1
30105;OE;4;0;1
30106;OEM;4;0;1
30107;Onnuri;4;0;1
30108;PEWAG;4;0;1
30109;"PHC VALEO";4;0;1
30110;POLAR;4;0;1
30111;PRESSOL;4;0;1
30112;"PRISTA Oil Group";4;0;1
30113;PROFITOOL;4;0;1
30114;PROPLAST;4;0;1
30115;Q-TOP;4;0;1
30116;Rainbox;4;0;1
30117;RBI;4;0;1
30118;REV;4;0;1
30119;RHEEJIN;4;0;1
30120;"JAPAN LINE";4;0;1
30121;Sangsin;4;0;1
30122;SAPP;4;0;1
30123;SCANGRIP;4;0;1
30124;SECO;4;0;1
30125;SEDZISZOW;4;0;1
30126;SEIWA;4;0;1
30127;SEN;4;0;1
30128;SERWO;4;0;1
30129;SHELL;4;0;1
30130;SIFFERT;4;0;1
30131;SOG;4;0;1
30132;SP;4;0;1
30133;SPK;4;0;1
30134;Stark;4;0;1
30135;SUN;4;0;1
30136;SUNKEY;4;0;1
30137;TAB;4;0;1
30138;TAMA;4;0;1
30139;TANGDE;4;0;1
30140;TASHIDO;4;0;1
30141;TCIC;4;0;1
30142;TECNODELTA;4;0;1
30143;TK;4;0;1
30144;TNK;4;0;1
30146;TOKO;4;616;1
30147;TONGRUN;4;0;1
30148;TOPLITE;4;0;1
30149;TOPTUL;4;0;1
30150;TOURMAX;4;0;1
30151;TYLL;4;0;1
30152;UC;4;0;1
30154;VELVANA;4;0;1
30155;VICMA;4;0;1
30156;WAI;4;0;1
30157;Winkel;4;0;1
30158;WRP;4;0;1
30159;WUNDER;4;0;1
30160;XT;4;0;1
30161;Yulim;4;0;1
30162;ZEN;4;0;1
30163;ZM;4;0;1
30164;5277;4;0;1
30165;3TON;4;0;1
30166;4MAX;4;0;1
40000; »“¿…;4;0;1
40001;œËˆÂÔ˚;4;0;1
40002;"SIZE of belt";4;0;1
40003;–‡ÒÔÓ‰‡Ê‡;4;0;1
40004;"SPECIAL OFFER";4;0;1
40005;"Universal ref.";4;0;1
40006;"*** –‡ÁÌ˚Â ***";4;0;1
40007;U.S.A.;4;0;1
40008;Buses;4;0;1
40009;"Universal LKW";4;0;1
40010;TUNING;4;0;1
30062;INTERCARS;4;0;1
30167;DEPO;4;0;1
40033;Test2;4;36;1
40032;test;4;40;1
